Hersteller;Modell;Speicher GB;TCO ab EUR;Bester Anbieter;Ø EUR/Monat;Abweichung zu Vodafone EUR;Abweichung %;Tarifband;Status;Abgerufen am;Quelle
Apple;iPhone 18 Pro;256;1659,66;1&1;69,15;-356,13;17,7;XS;;2026-10-10;https://mobile.1und1.de/flow2/mobile/ssc-private/tariffContractDuration?tariffChangeUrl=%2F%2Fmobile.1und1.de%2Fiphone-18-pro&optionalPrecedingDocuments=%2F%2Fmobile.1und1.de%2Fiphone-18-pro&addFlowStates=tradeInAvailable%2CbrandApple%2CwatchAvailable%2CaskWatch%2ChwDurationsAvailable&traceId=d85697e9-8c0f-4f35-afc7-804484a0aa73
Fairphone;Fairphone 6;256;880,00;congstar;36,67;-235,80;21,1;XS;;2026-10-10;https://www.congstar.de/geraete/fairphone/fairphone-gen-6-1/?planId=543&installmentPlanId=500
Google;Pixel 11;256;1132,00;congstar;47,17;-289,79;20,4;XS;;2026-10-10;https://www.congstar.de/geraete/google/google-pixel-11/?paymentVariantBenefits=&planId=543&installmentPlanId=500
HONOR;HONOR Magic V6;512;2063,66;1&1;85,99;;;XS;keine Referenz;2026-10-10;https://mobile.1und1.de/flow2/mobile/ssc-private/tariffContractDuration?tariffChangeUrl=%2F%2Fmobile.1und1.de%2Fhonor-magic-v6&optionalPrecedingDocuments=%2F%2Fmobile.1und1.de%2Fhonor-magic-v6&addFlowStates=tradeInAvailable%2CaskWatch%2ChwDurationsAvailable&traceId=be3d12ba-c50c-4b32-b445-263e2701191f
Motorola;Motorola razr fold;512;;;;;;;kein Bündel mit 24 Raten;;
Nothing;Nothing Phone (3);256;983,66;1&1;40,99;;;XS;keine Referenz;2026-10-10;https://mobile.1und1.de/flow2/mobile/ssc-private/tariffContractDuration?tariffChangeUrl=%2F%2Fmobile.1und1.de%2Fnothing-phone-3&optionalPrecedingDocuments=%2F%2Fmobile.1und1.de%2Fnothing-phone-3&addFlowStates=tradeInAvailable%2CaskWatch%2ChwDurationsAvailable&traceId=ee9cfadf-1401-40f8-9549-7761a6e583f5
Samsung;Galaxy S26 Plus;256;1411,66;1&1;58,82;-316,14;18,3;XS;;2026-10-10;https://mobile.1und1.de/flow2/mobile/ssc-private/tariffContractDuration?tariffChangeUrl=%2F%2Fmobile.1und1.de%2Fsamsung-galaxy-s26-plus&optionalPrecedingDocuments=%2F%2Fmobile.1und1.de%2Fsamsung-galaxy-s26-plus&addFlowStates=tradeInAvailable%2CbrandSamsung%2CsamsungS26Series%2CwatchAvailable%2CstrapsAvailable%2CaskWatch%2ChwDurationsAvailable&traceId=da2e038d-f13d-4445-a4d2-08ae3ded9104
Telekom;T Phone 3 Pro;256;1366,95;Telekom;56,96;;;M;keine Referenz;2026-10-10;https://www.telekom.de/shop/geraet/telekom/telekom-t-phone-3-pro/graphite-gray-256-gb?sortBy=popularityIndex&currentPage=3&tariffId=MF_17791&itemPerPage=24&excludedCurrentPage=1&forwardTradeInApplied=false&bp=acquisition&categoryId=smartphones
Xiaomi;Xiaomi 17;512;1231,66;1&1;51,32;-316,14;20,4;XS;;2026-10-10;https://mobile.1und1.de/flow2/mobile/ssc-private/tariffContractDuration?tariffChangeUrl=%2F%2Fmobile.1und1.de%2Fxiaomi-17&optionalPrecedingDocuments=%2F%2Fmobile.1und1.de%2Fxiaomi-17&addFlowStates=tradeInAvailable%2CaskWatch%2ChwDurationsAvailable&traceId=9f7017d8-036b-4ff9-838f-812835a52d91
Apple;iPhone 18 Pro;512;1917,66;1&1;79,90;-350,14;15,4;XS;;2026-10-10;https://mobile.1und1.de/flow2/mobile/ssc-private/tariffContractDuration?tariffChangeUrl=%2F%2Fmobile.1und1.de%2Fiphone-18-pro&optionalPrecedingDocuments=%2F%2Fmobile.1und1.de%2Fiphone-18-pro&addFlowStates=tradeInAvailable%2CbrandApple%2CwatchAvailable%2CaskWatch%2ChwDurationsAvailable&traceId=f0a86d89-474b-424e-81fd-461087a9a45a
Fairphone;Fairphone 6 Plus;256;952,00;congstar;39,67;;;XS;keine Referenz;2026-10-10;https://www.congstar.de/geraete/fairphone/fairphone-gen-6/
Google;Pixel 11;512;1276,00;congstar;53,17;-271,80;17,6;XS;;2026-10-10;https://www.congstar.de/geraete/google/google-pixel-11/
HONOR;HONOR 600;256;803,66;1&1;33,49;;;XS;keine Referenz;2026-10-10;https://mobile.1und1.de/flow2/mobile/ssc-private/tariffContractDuration?tariffChangeUrl=%2F%2Fmobile.1und1.de%2Fhonor-600&optionalPrecedingDocuments=%2F%2Fmobile.1und1.de%2Fhonor-600&addFlowStates=tradeInAvailable%2CaskWatch%2ChwDurationsAvailable&traceId=6ce3d677-e146-4f31-be2c-4ac0d8f46bb9
Motorola;Motorola razr fold FIFA Edition;512;;;;;;;kein Bündel mit 24 Raten;;
Nothing;Nothing Phone (4a);128;778,75;o2;32,45;;;M;keine Referenz;2026-10-10;https://www.o2online.de/e-shop/nothing/nothing-phone-4a-128gb-schwarz-details?ohne-tarif=nein&zielgruppe=privatkunden&ratenzahlung=36&vertragsart=ratenzahlung&tarif=o2-mobile-on-demand-m-plus
Samsung;Galaxy S26 Plus;512;1625,66;1&1;67,74;-282,14;14,8;XS;;2026-10-10;https://mobile.1und1.de/flow2/mobile/ssc-private/tariffContractDuration?tariffChangeUrl=%2F%2Fmobile.1und1.de%2Fsamsung-galaxy-s26-plus&optionalPrecedingDocuments=%2F%2Fmobile.1und1.de%2Fsamsung-galaxy-s26-plus&addFlowStates=tradeInAvailable%2CbrandSamsung%2CsamsungS26Series%2CwatchAvailable%2CstrapsAvailable%2CaskWatch%2ChwDurationsAvailable&traceId=97fa866d-7c50-4687-bb60-4dbfefb5bbd3
Telekom;T Phone 3;128;906,15;Telekom;37,76;;;XS;keine Referenz;2026-10-10;https://www.telekom.de/shop/geraet/telekom/telekom-t-phone-3/icy-silver-128-gb?sortBy=popularityIndex&currentPage=3&tariffId=MF_17779&itemPerPage=24&excludedCurrentPage=1&forwardTradeInApplied=false&bp=acquisition&categoryId=smartphones
Xiaomi;Xiaomi 17 Ultra;512;1523,66;1&1;63,49;-330,14;17,8;XS;;2026-10-10;https://mobile.1und1.de/flow2/mobile/ssc-private/tariffContractDuration?tariffChangeUrl=%2F%2Fmobile.1und1.de%2Fxiaomi-17-ultra&optionalPrecedingDocuments=%2F%2Fmobile.1und1.de%2Fxiaomi-17-ultra&addFlowStates=tradeInAvailable%2CaskWatch%2ChwDurationsAvailable&traceId=5e3dd6bf-3f88-49ac-a968-e2423a0cef70
Apple;iPhone 18 Pro;1024;2423,66;1&1;100,99;-294,14;10,8;XS;;2026-10-10;https://mobile.1und1.de/flow2/mobile/ssc-private/tariffContractDuration?tariffChangeUrl=%2F%2Fmobile.1und1.de%2Fiphone-18-pro&optionalPrecedingDocuments=%2F%2Fmobile.1und1.de%2Fiphone-18-pro&addFlowStates=tradeInAvailable%2CbrandApple%2CwatchAvailable%2CaskWatch%2ChwDurationsAvailable&traceId=ba6995be-9c4c-46b7-9b91-3bdf8bb7502e
Google;Pixel 11 Pro;256;1411,66;1&1;58,82;-226,14;13,8;XS;;2026-10-10;https://mobile.1und1.de/flow2/mobile/ssc-private/tariffContractDuration?tariffChangeUrl=%2F%2Fmobile.1und1.de%2Fgoogle-pixel-11-pro&optionalPrecedingDocuments=%2F%2Fmobile.1und1.de%2Fgoogle-pixel-11-pro&addFlowStates=tradeInAvailable%2CbrandGoogle%2CwatchAvailable%2CaskWatch%2ChwDurationsAvailable&traceId=4ea65ff2-cc4d-45a4-aa2b-b5254b0ea352
HONOR;HONOR Magic8 Lite;256;691,66;1&1;28,82;;;XS;keine Referenz;2026-10-10;https://mobile.1und1.de/flow2/mobile/ssc-private/tariffContractDuration?tariffChangeUrl=%2F%2Fmobile.1und1.de%2Fhonor-magic8-lite&optionalPrecedingDocuments=%2F%2Fmobile.1und1.de%2Fhonor-magic8-lite&addFlowStates=tradeInAvailable%2CaskWatch%2ChwDurationsAvailable&traceId=b10ceb47-9841-4f80-8680-56d16018addc
Motorola;Motorola signature;512;1108,00;congstar;46,17;;;XS;keine Referenz;2026-10-10;https://www.congstar.de/geraete/motorola/motorola-signature/
Nothing;Nothing Phone (4a) Pro;128;803,66;1&1;33,49;;;XS;keine Referenz;2026-10-10;https://mobile.1und1.de/flow2/mobile/ssc-private/tariffContractDuration?tariffChangeUrl=%2F%2Fmobile.1und1.de%2Fnothing-phone-4a-pro&optionalPrecedingDocuments=%2F%2Fmobile.1und1.de%2Fnothing-phone-4a-pro&addFlowStates=tradeInAvailable%2CaskWatch%2ChwDurationsAvailable&traceId=ec70e8fb-189e-4b87-88f2-30cfc68710e1
Samsung;Galaxy S26 Ultra;256;1411,66;1&1;58,82;-388,14;21,6;XS;;2026-10-10;https://mobile.1und1.de/flow2/mobile/ssc-private/tariffContractDuration?tariffChangeUrl=%2F%2Fmobile.1und1.de%2Fsamsung-galaxy-s26-ultra&optionalPrecedingDocuments=%2F%2Fmobile.1und1.de%2Fsamsung-galaxy-s26-ultra&addFlowStates=tradeInAvailable%2CbrandSamsung%2CsamsungS26Series%2CwatchAvailable%2CstrapsAvailable%2CaskWatch%2ChwDurationsAvailable&traceId=f4798952-0825-475d-ac91-77d75c891844
Xiaomi;Xiaomi 17T;256;871,66;1&1;36,32;-316,14;26,6;XS;;2026-10-10;https://mobile.1und1.de/flow2/mobile/ssc-private/tariffContractDuration?tariffChangeUrl=%2F%2Fmobile.1und1.de%2Fxiaomi-17t&optionalPrecedingDocuments=%2F%2Fmobile.1und1.de%2Fxiaomi-17t&addFlowStates=tradeInAvailable%2CaskWatch%2ChwDurationsAvailable&traceId=1af33ae9-137c-4fd6-82b7-0b14edce4ba5
Apple;iPhone 18 Pro;2048;3177,66;1&1;132,40;-224,14;6,6;XS;;2026-10-10;https://mobile.1und1.de/flow2/mobile/ssc-private/tariffContractDuration?tariffChangeUrl=%2F%2Fmobile.1und1.de%2Fiphone-18-pro&optionalPrecedingDocuments=%2F%2Fmobile.1und1.de%2Fiphone-18-pro&addFlowStates=tradeInAvailable%2CbrandApple%2CwatchAvailable%2CaskWatch%2ChwDurationsAvailable&traceId=d13a8797-3bf1-49f4-9f45-cf0a1d3c1276
Google;Pixel 11 Pro;512;1523,66;1&1;63,49;-240,14;13,6;XS;;2026-10-10;https://mobile.1und1.de/flow2/mobile/ssc-private/tariffContractDuration?tariffChangeUrl=%2F%2Fmobile.1und1.de%2Fgoogle-pixel-11-pro&optionalPrecedingDocuments=%2F%2Fmobile.1und1.de%2Fgoogle-pixel-11-pro&addFlowStates=tradeInAvailable%2CbrandGoogle%2CwatchAvailable%2CaskWatch%2ChwDurationsAvailable&traceId=d7932344-ca8f-4ef6-82f3-24136edc8511
Motorola;Motorola edge 70;512;;;;;;;kein Bündel mit 24 Raten;;
Nothing;Nothing Phone (4a) Pro;256;784,00;congstar;32,67;;;XS;keine Referenz;2026-10-10;https://www.congstar.de/geraete/nothing/nothing-phone-4a-pro/?planId=543&installmentPlanId=500
Samsung;Galaxy S26 Ultra;512;1625,66;1&1;67,74;-354,14;17,9;XS;;2026-10-10;https://mobile.1und1.de/flow2/mobile/ssc-private/tariffContractDuration?tariffChangeUrl=%2F%2Fmobile.1und1.de%2Fsamsung-galaxy-s26-ultra&optionalPrecedingDocuments=%2F%2Fmobile.1und1.de%2Fsamsung-galaxy-s26-ultra&addFlowStates=tradeInAvailable%2CbrandSamsung%2CsamsungS26Series%2CwatchAvailable%2CstrapsAvailable%2CaskWatch%2ChwDurationsAvailable&traceId=b9b44eda-0640-478e-925d-df1f049d0e76
Xiaomi;Xiaomi 17T Pro;512;983,66;1&1;40,99;-384,14;28,1;XS;;2026-10-10;https://mobile.1und1.de/flow2/mobile/ssc-private/tariffContractDuration?tariffChangeUrl=%2F%2Fmobile.1und1.de%2Fxiaomi-17t-pro&optionalPrecedingDocuments=%2F%2Fmobile.1und1.de%2Fxiaomi-17t-pro&addFlowStates=tradeInAvailable%2CaskWatch%2ChwDurationsAvailable&traceId=625060ae-9474-474a-9bbc-0e7693abafef
Apple;iPhone 18 Pro Max;256;1839,66;1&1;76,65;-320,14;14,8;XS;;2026-10-10;https://mobile.1und1.de/flow2/mobile/ssc-private/tariffContractDuration?tariffChangeUrl=%2F%2Fmobile.1und1.de%2Fiphone-18-pro-max&optionalPrecedingDocuments=%2F%2Fmobile.1und1.de%2Fiphone-18-pro-max&addFlowStates=tradeInAvailable%2CbrandApple%2CwatchAvailable%2CaskWatch%2ChwDurationsAvailable&traceId=1fcec51d-d76d-44dc-a479-6575b4921889
Google;Pixel 11 Pro Fold;256;2311,66;1&1;96,32;-226,14;8,9;XS;;2026-10-10;https://mobile.1und1.de/flow2/mobile/ssc-private/tariffContractDuration?tariffChangeUrl=%2F%2Fmobile.1und1.de%2Fgoogle-pixel-11-pro-fold&optionalPrecedingDocuments=%2F%2Fmobile.1und1.de%2Fgoogle-pixel-11-pro-fold&addFlowStates=tradeInAvailable%2CbrandGoogle%2CwatchAvailable%2CaskWatch%2ChwDurationsAvailable&traceId=7579b974-ffb1-4692-b9db-d66450e4c1a2
Motorola;Motorola razr 70;256;1163,66;1&1;48,49;;;XS;keine Referenz;2026-10-10;https://mobile.1und1.de/flow2/mobile/ssc-private/tariffContractDuration?tariffChangeUrl=%2F%2Fmobile.1und1.de%2Fmotorola-razr-70&optionalPrecedingDocuments=%2F%2Fmobile.1und1.de%2Fmotorola-razr-70&addFlowStates=tradeInAvailable%2CaskWatch%2ChwDurationsAvailable&traceId=9ff5cb9c-f6ad-4e6d-98b8-3f93d72ee1a7
Samsung;Galaxy S26 Ultra;1024;1917,66;1&1;79,90;-332,14;14,8;XS;;2026-10-10;https://mobile.1und1.de/flow2/mobile/ssc-private/tariffContractDuration?tariffChangeUrl=%2F%2Fmobile.1und1.de%2Fsamsung-galaxy-s26-ultra&optionalPrecedingDocuments=%2F%2Fmobile.1und1.de%2Fsamsung-galaxy-s26-ultra&addFlowStates=tradeInAvailable%2CbrandSamsung%2CsamsungS26Series%2CwatchAvailable%2CstrapsAvailable%2CaskWatch%2ChwDurationsAvailable&traceId=8d27355d-5aa8-4549-b547-3813075d86c9
Xiaomi;Xiaomi 15T;256;2235,75;Telekom;93,16;;;XL;keine Referenz;2026-10-10;https://www.telekom.de/shop/geraet/xiaomi/xiaomi-15t/black-256-gb?sortBy=popularityIndex&currentPage=3&tariffId=MF_17803&itemPerPage=24&excludedCurrentPage=1&forwardTradeInApplied=false&bp=acquisition&categoryId=smartphones
Apple;iPhone 18 Pro Max;512;2097,66;1&1;87,40;-314,14;13,0;XS;;2026-10-10;https://mobile.1und1.de/flow2/mobile/ssc-private/tariffContractDuration?tariffChangeUrl=%2F%2Fmobile.1und1.de%2Fiphone-18-pro-max&optionalPrecedingDocuments=%2F%2Fmobile.1und1.de%2Fiphone-18-pro-max&addFlowStates=tradeInAvailable%2CbrandApple%2CwatchAvailable%2CaskWatch%2ChwDurationsAvailable&traceId=0a0b0564-38a5-45ef-86e6-5942c84374c7
Google;Pixel 11 Pro Fold;512;2423,66;1&1;100,99;;;XS;keine Referenz;2026-10-10;https://mobile.1und1.de/flow2/mobile/ssc-private/tariffContractDuration?tariffChangeUrl=%2F%2Fmobile.1und1.de%2Fgoogle-pixel-11-pro-fold&optionalPrecedingDocuments=%2F%2Fmobile.1und1.de%2Fgoogle-pixel-11-pro-fold&addFlowStates=tradeInAvailable%2CbrandGoogle%2CwatchAvailable%2CaskWatch%2ChwDurationsAvailable&traceId=46b4cb1a-7aca-45eb-bc6c-dfdb2ce6c816
Motorola;Motorola edge 70 fusion;256;700,00;congstar;29,17;;;XS;keine Referenz;2026-10-10;https://www.congstar.de/geraete/motorola/motorola-edge-70-fusion/
Samsung;Galaxy S25 Edge;256;871,66;1&1;36,32;;;XS;keine Referenz;2026-10-10;https://mobile.1und1.de/flow2/mobile/ssc-private/tariffContractDuration?tariffChangeUrl=%2F%2Fmobile.1und1.de%2Fsamsung-galaxy-s25-edge&optionalPrecedingDocuments=%2F%2Fmobile.1und1.de%2Fsamsung-galaxy-s25-edge&addFlowStates=tradeInAvailable%2CbrandSamsung%2CwatchAvailable%2CstrapsAvailable%2CaskWatch%2ChwDurationsAvailable&traceId=14a21a39-f277-4dfa-a60b-7bd986b927ee
Xiaomi;Redmi Note 17;128;623,66;1&1;25,99;-240,14;27,8;XS;;2026-10-10;https://mobile.1und1.de/flow2/mobile/ssc-private/tariffContractDuration?tariffChangeUrl=%2F%2Fmobile.1und1.de%2Fxiaomi-redmi-note-17-5g&optionalPrecedingDocuments=%2F%2Fmobile.1und1.de%2Fxiaomi-redmi-note-17-5g&addFlowStates=tradeInAvailable%2CaskWatch%2ChwDurationsAvailable&traceId=aabf3dda-97c3-4419-b989-b80232a081ac
Apple;iPhone 18 Pro Max;1024;2603,66;1&1;108,49;-276,13;9,6;XS;;2026-10-10;https://mobile.1und1.de/flow2/mobile/ssc-private/tariffContractDuration?tariffChangeUrl=%2F%2Fmobile.1und1.de%2Fiphone-18-pro-max&optionalPrecedingDocuments=%2F%2Fmobile.1und1.de%2Fiphone-18-pro-max&addFlowStates=tradeInAvailable%2CbrandApple%2CwatchAvailable%2CaskWatch%2ChwDurationsAvailable&traceId=a99ad942-d4c7-49ba-a8cf-0afb566d7dc2
Google;Pixel 11 Pro XL;256;1610,00;congstar;67,08;-207,80;11,4;XS;;2026-10-10;https://www.congstar.de/geraete/google/google-pixel-11-pro-xl/?paymentVariantBenefits=&planId=543&installmentPlanId=500
Motorola;Motorola edge 70 fusion FIFA Edition;256;1635,75;Telekom;68,16;;;L;keine Referenz;2026-10-10;https://www.telekom.de/shop/geraet/motorola/motorola-edge-70-fusio-fifa-edition/pantone-silhouette-256-gb?sortBy=popularityIndex&currentPage=3&tariffId=MF_17797&itemPerPage=24&excludedCurrentPage=1&forwardTradeInApplied=false&bp=acquisition&categoryId=smartphones
Samsung;Galaxy S25 Edge;512;;;;;;;kein Bündel gemessen;;
Xiaomi;Redmi Note 17 Pro;256;623,66;1&1;25,99;-348,14;35,8;XS;;2026-10-10;https://mobile.1und1.de/flow2/mobile/ssc-private/tariffContractDuration?tariffChangeUrl=%2F%2Fmobile.1und1.de%2Fxiaomi-redmi-note-17-pro-5g&optionalPrecedingDocuments=%2F%2Fmobile.1und1.de%2Fxiaomi-redmi-note-17-pro-5g&addFlowStates=tradeInAvailable%2CaskWatch%2ChwDurationsAvailable&traceId=255021e0-113e-442f-a11b-87663f31d8c6
Apple;iPhone 18 Pro Max;2048;3357,66;1&1;139,90;-260,14;7,2;XS;;2026-10-10;https://mobile.1und1.de/flow2/mobile/ssc-private/tariffContractDuration?tariffChangeUrl=%2F%2Fmobile.1und1.de%2Fiphone-18-pro-max&optionalPrecedingDocuments=%2F%2Fmobile.1und1.de%2Fiphone-18-pro-max&addFlowStates=tradeInAvailable%2CbrandApple%2CwatchAvailable%2CaskWatch%2ChwDurationsAvailable&traceId=bf625761-df8b-4e88-bb97-4eba13a63cd4
Google;Pixel 11 Pro XL;512;1728,00;congstar;72,00;-215,80;11,1;XS;;2026-10-10;https://www.congstar.de/geraete/google/google-pixel-11-pro-xl/
Motorola;Motorola edge 60 neo;256;1626,15;Telekom;67,76;;;L;keine Referenz;2026-10-10;https://www.telekom.de/shop/geraet/motorola/motorola-edge-60-neo/pantone-grisaille-256-gb?sortBy=popularityIndex&currentPage=3&tariffId=MF_17797&itemPerPage=24&excludedCurrentPage=1&forwardTradeInApplied=false&bp=acquisition&categoryId=smartphones
Samsung;Galaxy S25 Ultra;256;1480,75;o2;61,70;;;M;keine Referenz;2026-10-10;https://www.o2online.de/e-shop/samsung/samsung-galaxy-s25-ultra-256gb-titanium-black-details?ohne-tarif=nein&zielgruppe=privatkunden&ratenzahlung=36&vertragsart=ratenzahlung&tarif=o2-mobile-on-demand-m-plus
Xiaomi;Redmi Note 17 Pro Max;256;803,66;1&1;33,49;;;XS;keine Referenz;2026-10-10;https://mobile.1und1.de/flow2/mobile/ssc-private/tariffContractDuration?tariffChangeUrl=%2F%2Fmobile.1und1.de%2Fxiaomi-redmi-note-17-pro-max-5g&optionalPrecedingDocuments=%2F%2Fmobile.1und1.de%2Fxiaomi-redmi-note-17-pro-max-5g&addFlowStates=tradeInAvailable%2CaskWatch%2ChwDurationsAvailable&traceId=c17d72fc-8bac-46db-92dd-1301a6f32dc9
Apple;iPhone 17 Pro;256;1479,66;1&1;61,65;-284,14;16,1;XS;;2026-10-10;https://mobile.1und1.de/flow2/mobile/ssc-private/tariffContractDuration?tariffChangeUrl=%2F%2Fmobile.1und1.de%2Fiphone-17-pro&optionalPrecedingDocuments=%2F%2Fmobile.1und1.de%2Fiphone-17-pro&addFlowStates=tradeInAvailable%2CbrandApple%2CwatchAvailable%2CaskWatch%2ChwDurationsAvailable&traceId=6f62ae1c-4918-4ff8-9165-37ed27c0b016
Google;Pixel 10 Pro;128;1372,75;o2;57,20;;;M;keine Referenz;2026-10-10;https://www.o2online.de/e-shop/google/google-pixel-10-pro-128gb-obsidian-details?ohne-tarif=nein&zielgruppe=privatkunden&ratenzahlung=36&vertragsart=ratenzahlung&tarif=o2-mobile-on-demand-m-plus
Motorola;Motorola moto g77;256;623,66;1&1;25,99;;;XS;keine Referenz;2026-10-10;https://mobile.1und1.de/flow2/mobile/ssc-private/tariffContractDuration?tariffChangeUrl=%2F%2Fmobile.1und1.de%2Fmotorola-moto-g77&optionalPrecedingDocuments=%2F%2Fmobile.1und1.de%2Fmotorola-moto-g77&addFlowStates=tradeInAvailable%2CaskWatch%2ChwDurationsAvailable&traceId=f83d1e7d-53f5-41f0-b8ac-d269f00a8f7a
Samsung;Galaxy S24 Ultra;256;1480,75;o2;61,70;;;M;keine Referenz;2026-10-10;https://www.o2online.de/e-shop/samsung/samsung-galaxy-s24-ultra-256gb-titanium-black-details?ohne-tarif=nein&zielgruppe=privatkunden&ratenzahlung=36&vertragsart=ratenzahlung&tarif=o2-mobile-on-demand-m-plus
Xiaomi;Redmi Note 15;256;845,80;Vodafone;35,24;438,11;45,2;XS;;2026-10-10;https://www.vodafone.de/privat/handys/xiaomi-redmi-note-15-5g.html
Apple;iPhone 17 Pro;512;1737,66;1&1;72,40;-278,13;13,8;XS;;2026-10-10;https://mobile.1und1.de/flow2/mobile/ssc-private/tariffContractDuration?tariffChangeUrl=%2F%2Fmobile.1und1.de%2Fiphone-17-pro&optionalPrecedingDocuments=%2F%2Fmobile.1und1.de%2Fiphone-17-pro&addFlowStates=tradeInAvailable%2CbrandApple%2CwatchAvailable%2CaskWatch%2ChwDurationsAvailable&traceId=80e5c16b-bd5e-4323-92df-2a063e6e661d
Google;Pixel 10 Pro;256;1480,75;o2;61,70;;;M;keine Referenz;2026-10-10;https://www.o2online.de/e-shop/google/google-pixel-10-pro-128gb-obsidian-details?ohne-tarif=nein&zielgruppe=privatkunden&ratenzahlung=36&vertragsart=ratenzahlung&tarif=o2-mobile-on-demand-m-plus
Motorola;Motorola moto g37;128;;;;;;;kein Bündel mit 24 Raten;;
Samsung;Galaxy S24 Ultra;512;;;;;;;kein vergleichbares Bündel gemessen;;
Xiaomi;Redmi Note 15 Pro;256;760,75;o2;31,70;;;M;keine Referenz;2026-10-10;https://www.o2online.de/e-shop/xiaomi/xiaomi-redmi-note-15-pro-256gb-schwarz-5g-details?ohne-tarif=nein&zielgruppe=privatkunden&ratenzahlung=36&vertragsart=ratenzahlung&tarif=o2-mobile-on-demand-m-plus
Apple;iPhone 17 Pro;1024;2267,80;Vodafone;94,49;138,75;6,1;XS;;2026-10-10;https://www.vodafone.de/privat/handys/iphone-17-pro.html
Google;Pixel 10 Pro Fold;256;;;;;;;kein Bündel mit 24 Raten;;
Samsung;Galaxy Z Flip8;256;1411,66;1&1;58,82;-262,14;15,7;XS;;2026-10-10;https://mobile.1und1.de/flow2/mobile/ssc-private/tariffContractDuration?tariffChangeUrl=%2F%2Fmobile.1und1.de%2Fsamsung-galaxy-z-flip8&optionalPrecedingDocuments=%2F%2Fmobile.1und1.de%2Fsamsung-galaxy-z-flip8&addFlowStates=tradeInAvailable%2CbrandSamsung%2CgalaxyZflip%2CwatchAvailable%2CstrapsAvailable%2CaskWatch%2ChwDurationsAvailable&traceId=e2b2368a-be50-4b3f-92ce-f723d350504e
Xiaomi;Redmi Note 15 Pro Plus;256;692,00;congstar;28,83;;;XS;keine Referenz;2026-10-10;https://www.congstar.de/geraete/xiaomi/xiaomi-redmi-note-15-pro-5g/
Apple;iPhone 17 Pro Max;256;1659,66;1&1;69,15;-248,14;13,0;XS;;2026-10-10;https://mobile.1und1.de/flow2/mobile/ssc-private/tariffContractDuration?tariffChangeUrl=%2F%2Fmobile.1und1.de%2Fiphone-17-pro-max&optionalPrecedingDocuments=%2F%2Fmobile.1und1.de%2Fiphone-17-pro-max&addFlowStates=tradeInAvailable%2CbrandApple%2CwatchAvailable%2CaskWatch%2ChwDurationsAvailable&traceId=edb83e2c-c251-4556-9a65-62423a4058d6
Google;Pixel 10 Pro XL;256;;;;;;;kein Bündel mit 24 Raten;;
Samsung;Galaxy Z Flip8;512;1625,66;1&1;67,74;-246,14;13,1;XS;;2026-10-10;https://mobile.1und1.de/flow2/mobile/ssc-private/tariffContractDuration?tariffChangeUrl=%2F%2Fmobile.1und1.de%2Fsamsung-galaxy-z-flip8&optionalPrecedingDocuments=%2F%2Fmobile.1und1.de%2Fsamsung-galaxy-z-flip8&addFlowStates=tradeInAvailable%2CbrandSamsung%2CgalaxyZflip%2CwatchAvailable%2CstrapsAvailable%2CaskWatch%2ChwDurationsAvailable&traceId=34f93ff4-0229-43b6-a8db-d613591be394
Xiaomi;Redmi 17;128;556,00;congstar;23,17;-235,80;29,8;XS;;2026-10-10;https://www.congstar.de/geraete/xiaomi/xiaomi-redmi-17-5g/?planId=543&installmentPlanId=500
Apple;iPhone 17 Pro Max;512;1912,00;congstar;79,67;-247,80;11,5;XS;;2026-10-10;https://www.congstar.de/geraete/apple/apple-iphone-17-pro-max/?paymentVariantBenefits=&planId=543&installmentPlanId=500&memorySize=512+GB
Google;Pixel 10;128;1102,75;o2;45,95;-172,89;13,6;M;;2026-10-10;https://www.o2online.de/e-shop/google/google-pixel-10-128gb-obsidian-details?ohne-tarif=nein&zielgruppe=privatkunden&ratenzahlung=36&vertragsart=ratenzahlung&tarif=o2-mobile-on-demand-m-plus
Samsung;Galaxy Z Flip 7;256;1637,80;Vodafone;68,24;;;XS;andere Laufzeit;2026-10-10;https://www.vodafone.de/privat/handys/samsung-galaxy-z-flip7.html
Xiaomi;Redmi 17C;128;511,66;1&1;21,32;;;XS;keine Referenz;2026-10-10;https://mobile.1und1.de/flow2/mobile/ssc-private/tariffContractDuration?tariffChangeUrl=%2F%2Fmobile.1und1.de%2Fxiaomi-redmi-17c-5g&optionalPrecedingDocuments=%2F%2Fmobile.1und1.de%2Fxiaomi-redmi-17c-5g&addFlowStates=tradeInAvailable%2CaskWatch%2ChwDurationsAvailable&traceId=b04db755-4c96-44d5-bdda-8b1567eaea23
Apple;iPhone 17 Pro Max;1024;2243,66;1&1;93,49;;;XS;keine Referenz;2026-10-10;https://mobile.1und1.de/flow2/mobile/ssc-private/tariffContractDuration?tariffChangeUrl=%2F%2Fmobile.1und1.de%2Fiphone-17-pro-max&optionalPrecedingDocuments=%2F%2Fmobile.1und1.de%2Fiphone-17-pro-max&addFlowStates=tradeInAvailable%2CbrandApple%2CwatchAvailable%2CaskWatch%2ChwDurationsAvailable&traceId=3d343ca2-481f-4a0c-ab1a-0f3a85b0d82e
Google;Pixel 10;256;;;;;;;kein Bündel mit 24 Raten;;
Samsung;Galaxy Z Fold8;256;2131,66;1&1;88,82;-64,13;2,9;XS;;2026-10-10;https://mobile.1und1.de/flow2/mobile/ssc-private/tariffContractDuration?tariffChangeUrl=%2F%2Fmobile.1und1.de%2Fsamsung-galaxy-z-fold8&optionalPrecedingDocuments=%2F%2Fmobile.1und1.de%2Fsamsung-galaxy-z-fold8&addFlowStates=tradeInAvailable%2CbrandSamsung%2CgalaxyZfold%2CwatchAvailable%2CstrapsAvailable%2CaskWatch%2ChwDurationsAvailable&traceId=16f32684-564a-493d-aca8-6be8d3152943
Apple;iPhone 17 Pro Max;2048;2705,66;1&1;112,74;;;XS;keine Referenz;2026-10-10;https://mobile.1und1.de/flow2/mobile/ssc-private/tariffContractDuration?tariffChangeUrl=%2F%2Fmobile.1und1.de%2Fiphone-17-pro-max&optionalPrecedingDocuments=%2F%2Fmobile.1und1.de%2Fiphone-17-pro-max&addFlowStates=tradeInAvailable%2CbrandApple%2CwatchAvailable%2CaskWatch%2ChwDurationsAvailable&traceId=73e2a889-3e5a-4c87-b57e-4820e295ebe4
Google;Pixel 10a;128;628,00;congstar;26,17;-469,80;42,8;XS;;2026-10-10;https://www.congstar.de/geraete/google/google-pixel-10a/?paymentVariantBenefits=&planId=543&installmentPlanId=500
Samsung;Galaxy Z Fold8;512;2320,00;congstar;96,67;-73,80;3,1;XS;;2026-10-10;https://www.congstar.de/geraete/samsung/samsung-galaxy-z-fold8/?paymentVariantBenefits=&planId=543&installmentPlanId=500&memorySize=512+GB
Apple;iPhone 16 Pro;128;1660,75;o2;69,20;;;M;keine Referenz;2026-10-10;https://www.o2online.de/e-shop/apple/apple-iphone-16-pro-128gb-titan-schwarz-details?ohne-tarif=nein&zielgruppe=privatkunden&ratenzahlung=36&vertragsart=ratenzahlung&tarif=o2-mobile-on-demand-m-plus
Google;Pixel 10a;256;905,66;1&1;37,74;-282,14;23,8;XS;;2026-10-10;https://mobile.1und1.de/flow2/mobile/ssc-private/tariffContractDuration?tariffChangeUrl=%2F%2Fmobile.1und1.de%2Fgoogle-pixel-10a&optionalPrecedingDocuments=%2F%2Fmobile.1und1.de%2Fgoogle-pixel-10a&addFlowStates=tradeInAvailable%2CbrandGoogle%2Cgooglepixel10Series%2CwatchAvailable%2CaskWatch%2ChwDurationsAvailable&traceId=94feb823-69cc-4577-b119-246e1479367a
Samsung;Galaxy Z Fold8 Ultra;256;2311,66;1&1;96,32;-82,14;3,4;XS;;2026-10-10;https://mobile.1und1.de/flow2/mobile/ssc-private/tariffContractDuration?tariffChangeUrl=%2F%2Fmobile.1und1.de%2Fsamsung-galaxy-z-fold8-ultra&optionalPrecedingDocuments=%2F%2Fmobile.1und1.de%2Fsamsung-galaxy-z-fold8-ultra&addFlowStates=tradeInAvailable%2CbrandSamsung%2CgalaxyZfold%2CwatchAvailable%2CstrapsAvailable%2CaskWatch%2ChwDurationsAvailable&traceId=a32e4c1a-b74a-4708-905d-902a052a2d1e
Apple;iPhone 16 Pro Max;256;1912,75;o2;79,70;;;M;keine Referenz;2026-10-10;https://www.o2online.de/e-shop/apple/apple-iphone-16-pro-max-256gb-titan-weiss-details?ohne-tarif=nein&zielgruppe=privatkunden&ratenzahlung=36&vertragsart=ratenzahlung&tarif=o2-mobile-on-demand-m-plus
Google;Pixel Buds Pro 2;;;;;;;;kein Bündel gemessen;;
Samsung;Galaxy Z Fold8 Ultra;512;2502,00;congstar;104,25;-89,80;3,5;XS;;2026-10-10;https://www.congstar.de/geraete/samsung/samsung-galaxy-z-fold8-ultra/?paymentVariantBenefits=&planId=543&installmentPlanId=500&memorySize=512+GB
Apple;iPhone 16 Pro Max;512;2164,75;o2;90,20;;;M;keine Referenz;2026-10-10;https://www.o2online.de/e-shop/apple/apple-iphone-16-pro-max-256gb-titan-weiss-details?ohne-tarif=nein&zielgruppe=privatkunden&ratenzahlung=36&vertragsart=ratenzahlung&tarif=o2-mobile-on-demand-m-plus
Samsung;Galaxy Z Fold8 Ultra;1024;2919,66;1&1;121,65;;;XS;keine Referenz;2026-10-10;https://mobile.1und1.de/flow2/mobile/ssc-private/tariffContractDuration?tariffChangeUrl=%2F%2Fmobile.1und1.de%2Fsamsung-galaxy-z-fold8-ultra&optionalPrecedingDocuments=%2F%2Fmobile.1und1.de%2Fsamsung-galaxy-z-fold8-ultra&addFlowStates=tradeInAvailable%2CbrandSamsung%2CgalaxyZfold%2CwatchAvailable%2CstrapsAvailable%2CaskWatch%2ChwDurationsAvailable&traceId=2b4cd539-d46e-459b-b58b-556c94c0ecd3
Apple;iPhone 15 Pro;128;1624,75;o2;67,70;;;M;keine Referenz;2026-10-10;https://www.o2online.de/e-shop/apple/apple-iphone-15-pro-128gb-titan-natur-details?ohne-tarif=nein&zielgruppe=privatkunden&ratenzahlung=36&vertragsart=ratenzahlung&tarif=o2-mobile-on-demand-m-plus
Samsung;Galaxy Z Fold 7;256;2249,80;Vodafone;93,74;;;XS;andere Laufzeit;2026-10-10;https://www.vodafone.de/privat/handys/samsung-galaxy-z-fold7.html
Apple;iPhone 15 Pro Max;256;1876,75;o2;78,20;;;M;keine Referenz;2026-10-10;https://www.o2online.de/e-shop/apple/apple-iphone-15-pro-max-256gb-titan-schwarz-details?ohne-tarif=nein&zielgruppe=privatkunden&ratenzahlung=36&vertragsart=ratenzahlung&tarif=o2-mobile-on-demand-m-plus
Samsung;Galaxy S26;256;1051,66;1&1;43,82;-280,13;21,0;XS;;2026-10-10;https://mobile.1und1.de/flow2/mobile/ssc-private/tariffContractDuration?tariffChangeUrl=%2F%2Fmobile.1und1.de%2Fsamsung-galaxy-s26&optionalPrecedingDocuments=%2F%2Fmobile.1und1.de%2Fsamsung-galaxy-s26&addFlowStates=tradeInAvailable%2CbrandSamsung%2CsamsungS26Series%2CwatchAvailable%2CstrapsAvailable%2CaskWatch%2ChwDurationsAvailable&traceId=8038e523-8edf-4633-9f15-b558e038b3cf
Apple;iPhone 14 Pro;128;1624,75;o2;67,70;;;M;keine Referenz;2026-10-10;https://www.o2online.de/e-shop/apple/apple-iphone-14-pro-128gb-dunkellila-details?ohne-tarif=nein&zielgruppe=privatkunden&ratenzahlung=36&vertragsart=ratenzahlung&tarif=o2-mobile-on-demand-m-plus
Samsung;Galaxy S26;512;1265,66;1&1;52,74;-246,13;16,3;XS;;2026-10-10;https://mobile.1und1.de/flow2/mobile/ssc-private/tariffContractDuration?tariffChangeUrl=%2F%2Fmobile.1und1.de%2Fsamsung-galaxy-s26&optionalPrecedingDocuments=%2F%2Fmobile.1und1.de%2Fsamsung-galaxy-s26&addFlowStates=tradeInAvailable%2CbrandSamsung%2CsamsungS26Series%2CwatchAvailable%2CstrapsAvailable%2CaskWatch%2ChwDurationsAvailable&traceId=b0d3a330-e553-4cc4-97bc-9dab957e86af
Apple;iPhone 14 Pro Max;512;2164,75;o2;90,20;;;M;keine Referenz;2026-10-10;https://www.o2online.de/e-shop/apple/apple-iphone-14-pro-max-512gb-gold-details?ohne-tarif=nein&zielgruppe=privatkunden&ratenzahlung=36&vertragsart=ratenzahlung&tarif=o2-mobile-on-demand-m-plus
Samsung;Galaxy S26 FE;128;871,66;1&1;36,32;-388,14;30,8;XS;;2026-10-10;https://mobile.1und1.de/flow2/mobile/ssc-private/tariffContractDuration?tariffChangeUrl=%2F%2Fmobile.1und1.de%2Fsamsung-galaxy-s26-fe&optionalPrecedingDocuments=%2F%2Fmobile.1und1.de%2Fsamsung-galaxy-s26-fe&addFlowStates=tradeInAvailable%2CbrandSamsung%2CsamsungS26fe%2CwatchAvailable%2CstrapsAvailable%2CaskWatch%2ChwDurationsAvailable&traceId=4d154de0-38a3-4819-aa98-b6877e63de58
Apple;iPhone Air;256;1192,00;congstar;49,67;-427,80;26,4;XS;;2026-10-10;https://www.congstar.de/geraete/apple/apple-iphone-air/?paymentVariantBenefits=&planId=543&installmentPlanId=500
Samsung;Galaxy S26 FE;256;983,66;1&1;40,99;-366,14;27,1;XS;;2026-10-10;https://mobile.1und1.de/flow2/mobile/ssc-private/tariffContractDuration?tariffChangeUrl=%2F%2Fmobile.1und1.de%2Fsamsung-galaxy-s26-fe&optionalPrecedingDocuments=%2F%2Fmobile.1und1.de%2Fsamsung-galaxy-s26-fe&addFlowStates=tradeInAvailable%2CbrandSamsung%2CsamsungS26fe%2CwatchAvailable%2CstrapsAvailable%2CaskWatch%2ChwDurationsAvailable&traceId=44678af2-4d63-48ca-a303-a21c46eb23df
Apple;iPhone Air;512;1400,00;congstar;58,33;-219,80;13,6;XS;;2026-10-10;https://www.congstar.de/geraete/apple/apple-iphone-air/?paymentVariantBenefits=&planId=543&installmentPlanId=500&memorySize=512+GB
Samsung;Galaxy S25;128;1282,75;o2;53,45;-172,88;11,9;M;;2026-10-10;https://www.o2online.de/e-shop/samsung/samsung-galaxy-s25-128gb-navy-details?ohne-tarif=nein&zielgruppe=privatkunden&ratenzahlung=36&vertragsart=ratenzahlung&tarif=o2-mobile-on-demand-m-plus
Apple;iPhone Air;1024;1737,66;1&1;72,40;-98,14;5,3;XS;;2026-10-10;https://mobile.1und1.de/flow2/mobile/ssc-private/tariffContractDuration?tariffChangeUrl=%2F%2Fmobile.1und1.de%2Fiphone-air&optionalPrecedingDocuments=%2F%2Fmobile.1und1.de%2Fiphone-air&addFlowStates=tradeInAvailable%2CbrandApple%2CwatchAvailable%2CaskWatch%2ChwDurationsAvailable&traceId=0c00ba8c-3992-4082-8494-30476c142c7d
Samsung;Galaxy S25;256;1354,75;o2;56,45;;;M;keine Referenz;2026-10-10;https://www.o2online.de/e-shop/samsung/samsung-galaxy-s25-256gb-blueblack-details?ohne-tarif=nein&zielgruppe=privatkunden&ratenzahlung=36&vertragsart=ratenzahlung&tarif=o2-mobile-on-demand-m-plus
Apple;iPhone 17;256;1390,00;congstar;57,92;-265,80;16,1;XS;;2026-10-10;https://www.congstar.de/geraete/apple/apple-iphone-17/?paymentVariantBenefits=&planId=543&installmentPlanId=500
Samsung;Galaxy S25 FE;128;1174,75;o2;48,95;-190,89;14,0;M;;2026-10-10;https://www.o2online.de/e-shop/samsung/samsung-galaxy-s25-fe-128gb-navy-details?ohne-tarif=nein&zielgruppe=privatkunden&ratenzahlung=36&vertragsart=ratenzahlung&tarif=o2-mobile-on-demand-m-plus
Apple;iPhone 17;512;1658,00;congstar;69,08;-249,80;13,1;XS;;2026-10-10;https://www.congstar.de/geraete/apple/apple-iphone-17/?paymentVariantBenefits=&planId=543&installmentPlanId=500&memorySize=512+GB
Samsung;Galaxy S24;128;1192,75;o2;49,70;;;M;keine Referenz;2026-10-10;https://www.o2online.de/e-shop/samsung/samsung-galaxy-s24-128gb-onyx-black-details?ohne-tarif=nein&zielgruppe=privatkunden&ratenzahlung=36&vertragsart=ratenzahlung&tarif=o2-mobile-on-demand-m-plus
Apple;iPhone 16;128;1132,00;congstar;47,17;-415,80;26,9;XS;;2026-10-10;https://www.congstar.de/geraete/apple/apple-iphone-16/?paymentVariantBenefits=&planId=543&installmentPlanId=500
Samsung;Galaxy S23;128;1120,75;o2;46,70;;;M;keine Referenz;2026-10-10;https://www.o2online.de/e-shop/samsung/samsung-galaxy-s23-128gb-pink-details?ohne-tarif=nein&zielgruppe=privatkunden&ratenzahlung=36&vertragsart=ratenzahlung&tarif=o2-mobile-on-demand-m-plus
Apple;iPhone 16 Plus;128;1299,66;1&1;54,15;;;XS;keine Referenz;2026-10-10;https://mobile.1und1.de/flow2/mobile/ssc-private/tariffContractDuration?tariffChangeUrl=%2F%2Fmobile.1und1.de%2Fiphone-16-plus&optionalPrecedingDocuments=%2F%2Fmobile.1und1.de%2Fiphone-16-plus&addFlowStates=tradeInAvailable%2CbrandApple%2CwatchAvailable%2CaskWatch%2ChwDurationsAvailable&traceId=fdd2d745-5f75-4f00-8436-14b3bb1a4511
Samsung;Galaxy A57;128;744,00;congstar;31,00;;;XS;keine Referenz;2026-10-10;https://www.congstar.de/geraete/samsung/samsung-galaxy-a57/?planId=543&installmentPlanId=500
Apple;iPhone 16 Plus;256;1445,66;1&1;60,24;;;XS;keine Referenz;2026-10-10;https://mobile.1und1.de/iphone-16-plus
Samsung;Galaxy A57;256;804,00;congstar;33,50;-149,80;15,7;XS;;2026-10-10;https://www.congstar.de/geraete/samsung/samsung-galaxy-a57/?planId=543&installmentPlanId=500&memorySize=256+GB
Apple;iPhone 15;128;1051,66;1&1;43,82;;;XS;keine Referenz;2026-10-08;https://mobile.1und1.de/iphone-15
Samsung;Galaxy A56;128;796,75;o2;33,20;;;M;keine Referenz;2026-10-10;https://www.o2online.de/e-shop/samsung/samsung-galaxy-a56-128gb-awesome-graphite-5g-details?ohne-tarif=nein&zielgruppe=privatkunden&ratenzahlung=36&vertragsart=ratenzahlung&tarif=o2-mobile-on-demand-m-plus
Apple;iPhone 15;256;;;;;;;kein aktueller Bündel-Stand;;
Samsung;Galaxy A37;128;676,00;congstar;28,17;-259,80;27,8;XS;;2026-10-10;https://www.congstar.de/geraete/samsung/samsung-galaxy-a37/?planId=543&installmentPlanId=500
Apple;iPhone 15 Plus;128;1336,75;o2;55,70;;;M;keine Referenz;2026-10-10;https://www.o2online.de/e-shop/apple/apple-iphone-15-plus-128gb-schwarz-details?ohne-tarif=nein&zielgruppe=privatkunden&ratenzahlung=36&vertragsart=ratenzahlung&tarif=o2-mobile-on-demand-m-plus
Samsung;Galaxy A37;256;784,00;congstar;32,67;;;XS;keine Referenz;2026-10-10;https://www.congstar.de/geraete/samsung/samsung-galaxy-a37/?planId=543&installmentPlanId=500&memorySize=256+GB
Apple;iPhone 14;128;1120,75;o2;46,70;;;M;keine Referenz;2026-10-10;https://www.o2online.de/e-shop/apple/apple-iphone-14-128gb-mitternacht-details?ohne-tarif=nein&zielgruppe=privatkunden&ratenzahlung=36&vertragsart=ratenzahlung&tarif=o2-mobile-on-demand-m-plus
Samsung;Galaxy A36;128;;;;;;;kein Bündel gemessen;;
Apple;iPhone 17e;256;1096,00;congstar;45,67;-307,80;21,9;XS;;2026-10-10;https://www.congstar.de/geraete/apple/apple-iphone-17e/?paymentVariantBenefits=&planId=543&installmentPlanId=500
Samsung;Galaxy A36;256;1616,55;Telekom;67,36;;;L;keine Referenz;2026-10-10;https://www.telekom.de/shop/geraet/samsung/samsung-galaxy-a36-5g/awesome-black-256-gb?sortBy=popularityIndex&currentPage=3&tariffId=MF_17797&itemPerPage=24&excludedCurrentPage=1&forwardTradeInApplied=false&bp=acquisition&categoryId=smartphones
Apple;iPhone 17e;512;1479,66;1&1;61,65;-176,14;10,6;XS;;2026-10-10;https://mobile.1und1.de/iphone-17e
Samsung;Galaxy A27;128;691,66;1&1;28,82;;;XS;keine Referenz;2026-10-10;https://mobile.1und1.de/flow2/mobile/ssc-private/tariffContractDuration?tariffChangeUrl=%2F%2Fmobile.1und1.de%2Fsamsung-galaxy-a27-5g&optionalPrecedingDocuments=%2F%2Fmobile.1und1.de%2Fsamsung-galaxy-a27-5g&addFlowStates=tradeInAvailable%2CbrandSamsung%2CwatchAvailable%2CstrapsAvailable%2CaskWatch%2ChwDurationsAvailable&traceId=be63d519-7678-4abc-8683-e407dfa91ecc
Apple;iPhone 16e;128;936,00;congstar;39,00;-305,80;24,6;XS;;2026-10-10;https://www.congstar.de/geraete/apple/apple-iphone-16e/?paymentVariantBenefits=&planId=543&installmentPlanId=500
Samsung;Galaxy A26;128;;;;;;;kein Bündel mit 24 Raten;;
Apple;iPhone 16e;256;;;;;;;kein Bündel gemessen;;
Samsung;Galaxy A17;128;511,66;1&1;21,32;-262,14;33,9;XS;;2026-10-10;https://mobile.1und1.de/flow2/mobile/ssc-private/tariffContractDuration?tariffChangeUrl=%2F%2Fmobile.1und1.de%2Fsamsung-galaxy-a17-5g&optionalPrecedingDocuments=%2F%2Fmobile.1und1.de%2Fsamsung-galaxy-a17-5g&addFlowStates=tradeInAvailable%2CbrandSamsung%2CwatchAvailable%2CstrapsAvailable%2CaskWatch%2ChwDurationsAvailable&traceId=193170d5-ac21-4689-a13d-d28587cd44e2
Apple;iPhone 16e;512;;;;;;;kein Bündel gemessen;;
Samsung;Galaxy XCover7 Pro EE;128;940,75;o2;39,20;;;M;keine Referenz;2026-10-10;https://www.o2online.de/e-shop/samsung/samsung-galaxy-xcover-7-pro-5g-ee-128gb-schwarz-details?ohne-tarif=nein&zielgruppe=privatkunden&ratenzahlung=36&vertragsart=ratenzahlung&tarif=o2-mobile-on-demand-m-plus
Apple;AirPods 5;;676,75;o2;28,20;;;M;keine Referenz;2026-10-10;https://www.o2online.de/e-shop/apple/apple-airpods-5-weiss-details?ohne-tarif=nein&zielgruppe=privatkunden&ratenzahlung=36&vertragsart=ratenzahlung&tarif=o2-mobile-on-demand-m
Samsung;Galaxy Xcover 7 EE;;844,75;o2;35,20;;;M;keine Referenz;2026-10-10;https://www.o2online.de/e-shop/samsung/samsung-galaxy-xcover-7-ee-schwarz-details?ohne-tarif=nein&zielgruppe=privatkunden&ratenzahlung=36&vertragsart=ratenzahlung&tarif=o2-mobile-on-demand-m
Apple;Watch S12 GPS 42 mm Aluminium;;;;;;;;kein Bündel gemessen;;
Samsung;Galaxy Xcover 7 EE;128;556,00;congstar;23,17;;;XS;keine Referenz;2026-10-10;https://www.congstar.de/geraete/samsung/samsung-galaxy-xcover-7-ee/
Apple;Watch S12 GPS 46 mm Aluminium;;;;;;;;kein Bündel gemessen;;
Samsung;Galaxy Tab A11+;128;;;;;;;kein Bündel gemessen;;
Apple;Watch SE 3;;;;;;;;kein Bündel gemessen;;
Samsung;Galaxy Tab S10 FE;128;;;;;;;kein Bündel gemessen;;
Apple;iPad (2025);128;;;;;;;kein Bündel gemessen;;
Samsung;Galaxy Tab S11 Ultra;256;;;;;;;kein Bündel gemessen;;
Apple;iPad (2025);256;;;;;;;kein Bündel gemessen;;
Apple;iPad Pro 13 (2025);256;;;;;;;kein Bündel gemessen;;
Apple;iPad Pro 13 (2025);512;;;;;;;kein Bündel gemessen;;
Apple;iPad Pro 11 (2025);256;;;;;;;kein Bündel gemessen;;
Apple;iPad Pro 11 (2025);512;;;;;;;kein Bündel gemessen;;
Apple;iPad Pro 11 2024;512;;;;;;;kein Bündel gemessen;;
