Hersteller;Modell;Speicher GB;Ab-Preis EUR;Anbieter (ab-Preis);Anbieterzahl;Spanne von EUR;Spanne bis EUR;Nur im Bündel ab EUR/Monat;Bündel-Anbieter;Abgerufen am;Quelle
Apple;iPhone 18 Pro;256;1387,00;congstar;4;1387,00;1567,00;;;2026-10-10;https://www.congstar.de/geraete/apple/apple-iphone-18-pro/
Fairphone;Fairphone 6;256;541,00;congstar;6;541,00;599,00;;;2026-10-10;https://www.congstar.de/geraete/fairphone/fairphone-gen-6-1/
Google;Pixel 11;256;973,00;congstar;5;973,00;999,90;;;2026-10-10;https://www.congstar.de/geraete/google/google-pixel-11/
HONOR;HONOR Magic V6;512;;;1;;;84,99;1&1;2026-10-10;https://mobile.1und1.de/flow2/mobile/ssc-private/tariffContractDuration?tariffChangeUrl=%2F%2Fmobile.1und1.de%2Fhonor-magic-v6&optionalPrecedingDocuments=%2F%2Fmobile.1und1.de%2Fhonor-magic-v6&addFlowStates=tradeInAvailable%2CaskWatch%2ChwDurationsAvailable&traceId=9e50a062-469f-472e-8aa0-e2bbba608ef9
Motorola;Motorola razr fold;512;;;1;;;71,85;Telekom;2026-10-10;https://www.telekom.de/shop/geraet/motorola/motorola-razr-fold/pantone-blackened-blue-512-gb?sortBy=popularityIndex&currentPage=3&tariffId=MF_17779&itemPerPage=24&excludedCurrentPage=1&forwardTradeInApplied=false&bp=acquisition&categoryId=smartphones
Nothing;Nothing Phone (3);256;595,00;o2;2;;;;;2026-10-10;https://www.o2online.de/e-shop/nothing/nothing-phone-3-256gb-schwarz-details?ohne-tarif=ja&zielgruppe=privatkunden&ratenzahlung=24&vertragsart=ratenzahlung
Samsung;Galaxy S26 Plus;256;1243,00;o2;5;1243,00;1349,00;;;2026-10-10;https://www.o2online.de/e-shop/samsung/samsung-galaxy-s26-plus-256gb-cobalt-violet-details?ohne-tarif=ja&zielgruppe=privatkunden&ratenzahlung=24&vertragsart=ratenzahlung
Telekom;T Phone 3 Pro;256;;;1;;;55,25;Telekom;2026-10-10;https://www.telekom.de/shop/geraet/telekom/telekom-t-phone-3-pro/graphite-gray-256-gb?sortBy=popularityIndex&currentPage=3&tariffId=MF_17791&itemPerPage=24&excludedCurrentPage=1&forwardTradeInApplied=false&bp=acquisition&categoryId=smartphones
Xiaomi;Xiaomi 17;512;955,00;o2;3;955,00;1029,90;;;2026-10-10;https://www.o2online.de/e-shop/xiaomi/xiaomi-17-512gb-schwarz-details?ohne-tarif=ja&zielgruppe=privatkunden&ratenzahlung=24&vertragsart=ratenzahlung
Apple;iPhone 18 Pro;512;1689,00;congstar;2;;;;;2026-10-10;https://www.congstar.de/geraete/apple/apple-iphone-18-pro/
Fairphone;Fairphone 6 Plus;256;649,00;ALDI TALK;2;;;;;2026-10-10;https://www.alditalk.de/p/fairphone-fairphone-gen-6--256-gb-horizon-black-model-fp6-30043222A1?FF_QUERY=*%3Acategory_id%3BG5DE0Z0SIKUBHRGTNF411A7XPLN9RV3D&FF_POS=30&FF_PAGE=1&FF_PAGESIZE=30&FF_SCORE=100.0&FF_CAMPAIGN=&FF_CAMPAIGN_PAGE_ID=
Google;Pixel 11;512;1117,00;congstar;2;;;;;2026-10-10;https://www.congstar.de/geraete/google/google-pixel-11/
HONOR;HONOR 600;256;;;1;;;29,99;1&1;2026-10-10;https://mobile.1und1.de/flow2/mobile/ssc-private/tariffContractDuration?tariffChangeUrl=%2F%2Fmobile.1und1.de%2Fhonor-600&optionalPrecedingDocuments=%2F%2Fmobile.1und1.de%2Fhonor-600&addFlowStates=tradeInAvailable%2CaskWatch%2ChwDurationsAvailable&traceId=b9638eac-0e93-493a-b9c5-af750f223b1a
Motorola;Motorola razr fold FIFA Edition;512;;;1;;;80,15;Telekom;2026-10-10;https://www.telekom.de/shop/geraet/motorola/motorola-razr-fold-fifa-edition/pantone-blackened-blue-512-gb?sortBy=popularityIndex&currentPage=3&tariffId=MF_17779&itemPerPage=24&excludedCurrentPage=1&forwardTradeInApplied=false&bp=acquisition&categoryId=smartphones
Nothing;Nothing Phone (4a);128;379,00;o2;1;;;;;2026-10-10;https://www.o2online.de/e-shop/nothing/nothing-phone-4a-128gb-schwarz-details?ohne-tarif=ja&zielgruppe=privatkunden&ratenzahlung=24&vertragsart=ratenzahlung
Samsung;Galaxy S26 Plus;512;1419,00;congstar;3;1419,00;1549,00;;;2026-10-10;https://www.congstar.de/geraete/samsung/samsung-galaxy-s26-1/
Telekom;T Phone 3;128;;;1;;;36,05;Telekom;2026-10-10;https://www.telekom.de/shop/geraet/telekom/telekom-t-phone-3/icy-silver-128-gb?sortBy=popularityIndex&currentPage=3&tariffId=MF_17779&itemPerPage=24&excludedCurrentPage=1&forwardTradeInApplied=false&bp=acquisition&categoryId=smartphones
Xiaomi;Xiaomi 17 Ultra;512;1239,00;congstar;4;1239,00;1499,90;;;2026-10-10;https://www.congstar.de/geraete/xiaomi/xiaomi-17-ultra/
Apple;iPhone 18 Pro;1024;2187,00;congstar;2;;;;;2026-10-10;https://www.congstar.de/geraete/apple/apple-iphone-18-pro/
Google;Pixel 11 Pro;256;1155,00;congstar;5;1155,00;1199,90;;;2026-10-10;https://www.congstar.de/geraete/google/google-pixel-11-pro/
HONOR;HONOR Magic8 Lite;256;;;1;;;26,99;1&1;2026-10-10;https://mobile.1und1.de/flow2/mobile/ssc-private/tariffContractDuration?tariffChangeUrl=%2F%2Fmobile.1und1.de%2Fhonor-magic8-lite&optionalPrecedingDocuments=%2F%2Fmobile.1und1.de%2Fhonor-magic8-lite&addFlowStates=tradeInAvailable%2CaskWatch%2ChwDurationsAvailable&traceId=d6524dc8-13fb-470e-b5d0-c433b9567fe4
Motorola;Motorola signature;512;787,00;congstar;1;;;;;2026-10-10;https://www.congstar.de/geraete/motorola/motorola-signature/
Nothing;Nothing Phone (4a) Pro;128;;;1;;;31,99;1&1;2026-10-10;https://mobile.1und1.de/flow2/mobile/ssc-private/tariffContractDuration?tariffChangeUrl=%2F%2Fmobile.1und1.de%2Fnothing-phone-4a-pro&optionalPrecedingDocuments=%2F%2Fmobile.1und1.de%2Fnothing-phone-4a-pro&addFlowStates=tradeInAvailable%2CaskWatch%2ChwDurationsAvailable&traceId=83150499-ee6c-4b17-91ff-35b039ab22e9
Samsung;Galaxy S26 Ultra;256;1379,00;congstar;5;1379,00;1549,00;;;2026-10-10;https://www.congstar.de/geraete/samsung/samsung-galaxy-s26-ultra/
Xiaomi;Xiaomi 17T;256;685,00;congstar;5;685,00;749,90;;;2026-10-10;https://www.congstar.de/geraete/xiaomi/xiaomi-17t/
Apple;iPhone 18 Pro;2048;2949,90;Vodafone;1;;;;;2026-10-10;https://www.vodafone.de/privat/handys/iphone-18-pro.html
Google;Pixel 11 Pro;512;1329,00;congstar;2;;;;;2026-10-10;https://www.congstar.de/geraete/google/google-pixel-11-pro/
Motorola;Motorola edge 70;512;799,00;mobilcom-debitel;1;;;;;2026-10-10;https://www.freenet.de/handys-smartphones/motorola/motorola-edge-70-ohne-vertrag/p/P-M-4408477?ds=P-4515025
Nothing;Nothing Phone (4a) Pro;256;517,00;congstar;2;517,00;595,00;;;2026-10-10;https://www.congstar.de/geraete/nothing/nothing-phone-4a-pro/
Samsung;Galaxy S26 Ultra;512;1529,00;congstar;3;1529,00;1749,00;;;2026-10-10;https://www.congstar.de/geraete/samsung/samsung-galaxy-s26-ultra/
Xiaomi;Xiaomi 17T Pro;512;865,00;congstar;5;865,00;999,90;;;2026-10-10;https://www.congstar.de/geraete/xiaomi/xiaomi-17t-pro/
Apple;iPhone 18 Pro Max;256;1593,00;congstar;3;;;;;2026-10-10;https://www.congstar.de/geraete/apple/apple-iphone-18-pro-max/
Google;Pixel 11 Pro Fold;256;1981,00;o2;3;1981,00;1999,90;;;2026-10-10;https://www.o2online.de/e-shop/google/google-pixel-11-pro-fold-256gb-olive-details?ohne-tarif=ja&zielgruppe=privatkunden&ratenzahlung=24&vertragsart=ratenzahlung
Motorola;Motorola razr 70;256;999,00;ALDI TALK;2;;;;;2026-10-10;https://www.alditalk.de/p/motorola-motorola-razr-70-256-gb-swarovski-edition-black-xt2657-1-30043385A1?FF_QUERY=*%3Acategory_id%3BG5DE0Z0SIKUBHRGTNF411A7XPLN9RV3D&FF_POS=13&FF_PAGE=1&FF_PAGESIZE=30&FF_SCORE=100.0&FF_CAMPAIGN=&FF_CAMPAIGN_PAGE_ID=
Samsung;Galaxy S26 Ultra;1024;1899,00;congstar;2;;;;;2026-10-10;https://www.congstar.de/geraete/samsung/samsung-galaxy-s26-ultra/
Xiaomi;Xiaomi 15T;256;;;1;;;91,45;Telekom;2026-10-10;https://www.telekom.de/shop/geraet/xiaomi/xiaomi-15t/black-256-gb?sortBy=popularityIndex&currentPage=3&tariffId=MF_17803&itemPerPage=24&excludedCurrentPage=1&forwardTradeInApplied=false&bp=acquisition&categoryId=smartphones
Apple;iPhone 18 Pro Max;512;1849,00;congstar;2;;;;;2026-10-10;https://www.congstar.de/geraete/apple/apple-iphone-18-pro-max/
Google;Pixel 11 Pro Fold;512;;;1;;;99,99;1&1;2026-10-10;https://mobile.1und1.de/flow2/mobile/ssc-private/tariffContractDuration?tariffChangeUrl=%2F%2Fmobile.1und1.de%2Fgoogle-pixel-11-pro-fold&optionalPrecedingDocuments=%2F%2Fmobile.1und1.de%2Fgoogle-pixel-11-pro-fold&addFlowStates=tradeInAvailable%2CbrandGoogle%2CwatchAvailable%2CaskWatch%2ChwDurationsAvailable&traceId=6087823a-d4ff-4a36-a832-2b2c9d2dcec8
Motorola;Motorola edge 70 fusion;256;361,00;congstar;1;;;;;2026-10-10;https://www.congstar.de/geraete/motorola/motorola-edge-70-fusion/
Samsung;Galaxy S25 Edge;256;1249,00;mobilcom-debitel;2;;;;;2026-10-10;https://www.freenet.de/handys-smartphones/samsung/samsung-galaxy-s25-edge-ohne-vertrag/p/P-M-4042129?ds=P-4068974
Xiaomi;Redmi Note 17;128;343,00;congstar;4;;;;;2026-10-10;https://www.congstar.de/geraete/xiaomi/xiaomi-redmi-note-17-5g/
Apple;iPhone 18 Pro Max;1024;2347,00;congstar;2;;;;;2026-10-10;https://www.congstar.de/geraete/apple/apple-iphone-18-pro-max/
Google;Pixel 11 Pro XL;256;1343,00;congstar;5;1343,00;1405,00;;;2026-10-10;https://www.congstar.de/geraete/google/google-pixel-11-pro-xl/
Motorola;Motorola edge 70 fusion FIFA Edition;256;;;1;;;66,45;Telekom;2026-10-10;https://www.telekom.de/shop/geraet/motorola/motorola-edge-70-fusio-fifa-edition/pantone-silhouette-256-gb?sortBy=popularityIndex&currentPage=3&tariffId=MF_17797&itemPerPage=24&excludedCurrentPage=1&forwardTradeInApplied=false&bp=acquisition&categoryId=smartphones
Samsung;Galaxy S25 Edge;512;1369,00;mobilcom-debitel;1;;;;;2026-10-10;https://www.freenet.de/handys-smartphones/samsung/samsung-galaxy-s25-edge-ohne-vertrag/p/P-M-4042129?ds=P-4068986
Xiaomi;Redmi Note 17 Pro;256;469,00;o2;4;469,00;499,90;;;2026-10-10;https://www.o2online.de/e-shop/xiaomi/xiaomi-redmi-note-17-pro-256gb-blue-5g-details?ohne-tarif=ja&zielgruppe=privatkunden&ratenzahlung=24&vertragsart=ratenzahlung
Apple;iPhone 18 Pro Max;2048;3099,90;Vodafone;1;;;;;2026-10-10;https://www.vodafone.de/privat/handys/iphone-18-pro-max.html
Google;Pixel 11 Pro XL;512;1443,00;congstar;2;1443,00;1529,90;;;2026-10-10;https://www.congstar.de/geraete/google/google-pixel-11-pro-xl/
Motorola;Motorola edge 60 neo;256;;;1;;;66,05;Telekom;2026-10-10;https://www.telekom.de/shop/geraet/motorola/motorola-edge-60-neo/pantone-grisaille-256-gb?sortBy=popularityIndex&currentPage=3&tariffId=MF_17797&itemPerPage=24&excludedCurrentPage=1&forwardTradeInApplied=false&bp=acquisition&categoryId=smartphones
Samsung;Galaxy S25 Ultra;256;1081,00;o2;1;;;;;2026-10-10;https://www.o2online.de/e-shop/samsung/samsung-galaxy-s25-ultra-256gb-titanium-black-details?ohne-tarif=ja&zielgruppe=privatkunden&ratenzahlung=24&vertragsart=ratenzahlung
Xiaomi;Redmi Note 17 Pro Max;256;595,00;congstar;3;;;;;2026-10-10;https://www.congstar.de/geraete/xiaomi/xiaomi-redmi-note-17-pro-max-5g/
Apple;iPhone 17 Pro;256;1179,00;Saturn;6;1179,00;1449,00;;;2026-10-10;https://www.saturn.de/de/product/_apple-iphone-17-pro-5g-256-gb-cosmic-orange-dual-sim-3013586.html
Google;Pixel 10 Pro;128;973,00;o2;2;973,00;1099,00;;;2026-10-10;https://www.o2online.de/e-shop/google/google-pixel-10-pro-128gb-obsidian-details?ohne-tarif=ja&zielgruppe=privatkunden&ratenzahlung=24&vertragsart=ratenzahlung
Motorola;Motorola moto g77;256;294,00;ALDI TALK;2;;;;;2026-10-10;https://www.alditalk.de/p/motorola-motorola-moto-g77-256-gb-shaded-spruce-xt2621-4--inkl-moto-buds-glacier-blue-30043147A1?FF_QUERY=*%3Acategory_id%3BG5DE0Z0SIKUBHRGTNF411A7XPLN9RV3D&FF_POS=7&FF_PAGE=1&FF_PAGESIZE=30&FF_SCORE=100.0&FF_CAMPAIGN=&FF_CAMPAIGN_PAGE_ID=
Samsung;Galaxy S24 Ultra;256;1081,00;o2;1;;;;;2026-10-10;https://www.o2online.de/e-shop/samsung/samsung-galaxy-s24-ultra-256gb-titanium-black-details?ohne-tarif=ja&zielgruppe=privatkunden&ratenzahlung=24&vertragsart=ratenzahlung
Xiaomi;Redmi Note 15;256;279,90;Vodafone;1;;;;;2026-10-10;https://www.vodafone.de/privat/handys/xiaomi-redmi-note-15-5g.html
Apple;iPhone 17 Pro;512;1419,00;Saturn;4;1419,00;1699,00;;;2026-10-10;https://www.saturn.de/de/product/_apple-iphone-17-pro-5g-512-gb-silber-dual-sim-3013588.html
Google;Pixel 10 Pro;256;1199,00;mobilcom-debitel;1;;;;;2026-10-10;https://www.freenet.de/handys-smartphones/google/google-pixel-10-pro-ohne-vertrag/p/P-M-4206120?ds=P-4292961
Motorola;Motorola moto g37;128;249,00;ALDI TALK;1;;;;;2026-10-10;https://www.alditalk.de/p/motorola-motorola-moto-g37-5g-128-gb-impenetrable-xt2625-4-30042765A1?FF_QUERY=*%3Acategory_id%3BG5DE0Z0SIKUBHRGTNF411A7XPLN9RV3D&FF_POS=6&FF_PAGE=1&FF_PAGESIZE=30&FF_SCORE=100.0&FF_CAMPAIGN=&FF_CAMPAIGN_PAGE_ID=
Samsung;Galaxy S24 Ultra;512;;;0;;;;;;
Xiaomi;Redmi Note 15 Pro;256;179,00;mobilcom-debitel;2;179,00;361,00;;;2026-10-10;https://www.freenet.de/handys-smartphones/xiaomi/xiaomi-redmi-note-15-pro-5g-ohne-vertrag/p/P-M-4408885?ds=P-4511545
Apple;iPhone 17 Pro;1024;1699,90;Vodafone;2;1699,90;2199,00;;;2026-10-10;https://www.vodafone.de/privat/handys/iphone-17-pro.html
Google;Pixel 10 Pro Fold;256;;;1;;;68,75;Telekom;2026-10-10;https://www.telekom.de/shop/geraet/google/google-pixel-10-pro-fold/moonstone-256-gb?sortBy=popularityIndex&currentPage=3&tariffId=MF_17779&itemPerPage=24&excludedCurrentPage=1&forwardTradeInApplied=false&bp=acquisition&categoryId=smartphones
Samsung;Galaxy Z Flip8;256;1297,00;congstar;5;;;;;2026-10-10;https://www.congstar.de/geraete/samsung/samsung-galaxy-z-flip8/
Xiaomi;Redmi Note 15 Pro Plus;256;353,00;congstar;2;353,00;499,90;;;2026-10-10;https://www.congstar.de/geraete/xiaomi/xiaomi-redmi-note-15-pro-5g/
Apple;iPhone 17 Pro Max;256;1329,00;Saturn;6;1329,00;1599,00;;;2026-10-10;https://www.saturn.de/de/product/_apple-iphone-17-pro-max-5g-256-gb-silber-dual-sim-3013594.html
Google;Pixel 10 Pro XL;256;;;1;;;57,45;Telekom;2026-10-10;https://www.telekom.de/shop/geraet/google/google-pixel-10-pro-xl/obsidian-256-gb?sortBy=popularityIndex&currentPage=3&tariffId=MF_17779&itemPerPage=24&excludedCurrentPage=1&forwardTradeInApplied=false&bp=acquisition&categoryId=smartphones
Samsung;Galaxy Z Flip8;512;1499,00;congstar;2;;;;;2026-10-10;https://www.congstar.de/geraete/samsung/samsung-galaxy-z-flip8/
Xiaomi;Redmi 17;128;249,90;Vodafone;3;;;;;2026-10-10;https://www.vodafone.de/privat/handys/xiaomi-redmi-17-5g.html
Apple;iPhone 17 Pro Max;512;1569,00;Saturn;4;1569,00;1849,00;;;2026-10-09;https://www.saturn.de/de/product/_apple-iphone-17-pro-max-5g-512-gb-silber-dual-sim-3013597.html
Google;Pixel 10;128;703,00;o2;3;703,00;899,90;;;2026-10-10;https://www.o2online.de/e-shop/google/google-pixel-10-128gb-obsidian-details?ohne-tarif=ja&zielgruppe=privatkunden&ratenzahlung=24&vertragsart=ratenzahlung
Samsung;Galaxy Z Flip 7;256;1079,90;Vodafone;1;;;;;2026-10-10;https://www.vodafone.de/privat/handys/samsung-galaxy-z-flip7.html
Xiaomi;Redmi 17C;128;;;1;;;19,99;1&1;2026-10-10;https://mobile.1und1.de/flow2/mobile/ssc-private/tariffContractDuration?tariffChangeUrl=%2F%2Fmobile.1und1.de%2Fxiaomi-redmi-17c-5g&optionalPrecedingDocuments=%2F%2Fmobile.1und1.de%2Fxiaomi-redmi-17c-5g&addFlowStates=tradeInAvailable%2CaskWatch%2ChwDurationsAvailable&traceId=e147fe45-ef20-45ca-87d1-6e689fc0545e
Apple;iPhone 17 Pro Max;1024;1819,00;Saturn;2;1819,00;2349,00;;;2026-10-10;https://www.saturn.de/de/product/_apple-iphone-17-pro-max-5g-1-tb-cosmic-orange-dual-sim-3013601.html
Google;Pixel 10;256;999,00;mobilcom-debitel;1;;;;;2026-10-10;https://www.freenet.de/handys-smartphones/google/google-pixel-10-ohne-vertrag/p/P-M-4206117?ds=P-4292934
Samsung;Galaxy Z Fold8;256;1975,00;congstar;5;1975,00;2017,00;;;2026-10-10;https://www.congstar.de/geraete/samsung/samsung-galaxy-z-fold8/
Apple;iPhone 17 Pro Max;2048;3099,00;mobilcom-debitel;1;;;;;2026-10-10;https://www.freenet.de/handys-smartphones/apple/iphone-17-pro-max-ohne-vertrag/p/P-M-4234679?ds=P-4356872
Google;Pixel 10a;128;397,00;congstar;5;397,00;649,00;;;2026-10-10;https://www.congstar.de/geraete/google/google-pixel-10a/
Samsung;Galaxy Z Fold8;512;2125,00;congstar;2;2125,00;2199,90;;;2026-10-10;https://www.congstar.de/geraete/samsung/samsung-galaxy-z-fold8/
Apple;iPhone 16 Pro;128;1261,00;o2;1;;;;;2026-10-10;https://www.o2online.de/e-shop/apple/apple-iphone-16-pro-128gb-titan-schwarz-details?ohne-tarif=ja&zielgruppe=privatkunden&ratenzahlung=24&vertragsart=ratenzahlung
Google;Pixel 10a;256;649,90;Vodafone;2;649,90;749,00;;;2026-10-10;https://www.vodafone.de/privat/handys/google-pixel-10a.html
Samsung;Galaxy Z Fold8 Ultra;256;2115,00;congstar;5;2115,00;2199,90;;;2026-10-10;https://www.congstar.de/geraete/samsung/samsung-galaxy-z-fold8-ultra/
Apple;iPhone 16 Pro Max;256;;;1;;;77,99;o2;2026-10-10;https://www.o2online.de/e-shop/apple/apple-iphone-16-pro-max-256gb-titan-weiss-details?ohne-tarif=nein&zielgruppe=privatkunden&ratenzahlung=36&vertragsart=ratenzahlung&tarif=o2-mobile-on-demand-m-plus
Google;Pixel Buds Pro 2;;249,00;o2;1;;;;;2026-10-10;https://www.o2online.de/e-shop/google/google-pixel-buds-pro-2-hazel-details?ohne-tarif=ja&zielgruppe=privatkunden&ratenzahlung=24&vertragsart=ratenzahlung
Samsung;Galaxy Z Fold8 Ultra;512;2289,00;congstar;2;2289,00;2399,90;;;2026-10-10;https://www.congstar.de/geraete/samsung/samsung-galaxy-z-fold8-ultra/
Apple;iPhone 16 Pro Max;512;;;1;;;88,49;o2;2026-10-10;https://www.o2online.de/e-shop/apple/apple-iphone-16-pro-max-256gb-titan-weiss-details?ohne-tarif=nein&zielgruppe=privatkunden&ratenzahlung=36&vertragsart=ratenzahlung&tarif=o2-mobile-on-demand-m-plus
Samsung;Galaxy Z Fold8 Ultra;1024;;;1;;;119,99;1&1;2026-10-10;https://mobile.1und1.de/flow2/mobile/ssc-private/tariffContractDuration?tariffChangeUrl=%2F%2Fmobile.1und1.de%2Fsamsung-galaxy-z-fold8-ultra&optionalPrecedingDocuments=%2F%2Fmobile.1und1.de%2Fsamsung-galaxy-z-fold8-ultra&addFlowStates=tradeInAvailable%2CbrandSamsung%2CgalaxyZfold%2CwatchAvailable%2CstrapsAvailable%2CaskWatch%2ChwDurationsAvailable&traceId=10ed91cf-89de-4a0f-9108-4716e087da59
Apple;iPhone 15 Pro;128;1225,00;o2;1;;;;;2026-10-10;https://www.o2online.de/e-shop/apple/apple-iphone-15-pro-128gb-titan-natur-details?ohne-tarif=ja&zielgruppe=privatkunden&ratenzahlung=24&vertragsart=ratenzahlung
Samsung;Galaxy Z Fold 7;256;1879,90;Vodafone;1;;;;;2026-10-10;https://www.vodafone.de/privat/handys/samsung-galaxy-z-fold7.html
Apple;iPhone 15 Pro Max;256;1477,00;o2;1;;;;;2026-10-10;https://www.o2online.de/e-shop/apple/apple-iphone-15-pro-max-256gb-titan-schwarz-details?ohne-tarif=ja&zielgruppe=privatkunden&ratenzahlung=36&vertragsart=ratenzahlung
Samsung;Galaxy S26;256;793,00;congstar;6;793,00;1099,00;;;2026-10-10;https://www.congstar.de/geraete/samsung/samsung-galaxy-s26/
Apple;iPhone 14 Pro;128;1225,00;o2;1;;;;;2026-10-10;https://www.o2online.de/e-shop/apple/apple-iphone-14-pro-128gb-dunkellila-details?ohne-tarif=ja&zielgruppe=privatkunden&ratenzahlung=24&vertragsart=ratenzahlung
Samsung;Galaxy S26;512;1027,00;congstar;3;1027,00;1299,00;;;2026-10-10;https://www.congstar.de/geraete/samsung/samsung-galaxy-s26/
Apple;iPhone 14 Pro Max;512;1765,00;o2;1;;;;;2026-10-10;https://www.o2online.de/e-shop/apple/apple-iphone-14-pro-max-512gb-gold-details?ohne-tarif=ja&zielgruppe=privatkunden&ratenzahlung=24&vertragsart=ratenzahlung
Samsung;Galaxy S26 FE;128;679,00;o2;4;679,00;799,90;;;2026-10-10;https://www.o2online.de/e-shop/samsung/samsung-galaxy-s26-fe-128gb-pistachio-bk-details?ohne-tarif=ja&zielgruppe=privatkunden&ratenzahlung=24&vertragsart=ratenzahlung
Apple;iPhone Air;256;889,00;congstar;6;889,00;1299,00;;;2026-10-10;https://www.congstar.de/geraete/apple/apple-iphone-air/
Samsung;Galaxy S26 FE;256;893,00;congstar;2;;;;;2026-10-10;https://www.congstar.de/geraete/samsung/samsung-galaxy-s26-fe/
Apple;iPhone Air;512;1069,90;Vodafone;3;1069,90;1549,00;;;2026-10-10;https://www.vodafone.de/privat/handys/iphone-air.html
Samsung;Galaxy S25;128;771,00;congstar;3;771,00;883,00;;;2026-10-10;https://www.congstar.de/geraete/samsung/samsung-galaxy-s25/
Apple;iPhone Air;1024;1299,00;Saturn;3;1299,00;2049,00;;;2026-10-10;https://www.saturn.de/de/product/_apple-iphone-air-5g-1-tb-himmelblau-dual-sim-3013617.html
Samsung;Galaxy S25;256;955,00;o2;1;;;;;2026-10-10;https://www.o2online.de/e-shop/samsung/samsung-galaxy-s25-256gb-blueblack-details?ohne-tarif=ja&zielgruppe=privatkunden&ratenzahlung=24&vertragsart=ratenzahlung
Apple;iPhone 17;256;1051,00;congstar;7;1051,00;1171,00;;;2026-10-10;https://www.congstar.de/geraete/apple/apple-iphone-17/
Samsung;Galaxy S25 FE;128;699,90;Vodafone;2;699,90;775,00;;;2026-10-10;https://www.vodafone.de/privat/handys/samsung-galaxy-s25-fe.html
Apple;iPhone 17;512;1179,00;Saturn;4;1179,00;1349,90;;;2026-10-10;https://www.saturn.de/de/product/_apple-iphone-17-5g-512-gb-schwarz-dual-sim-3013580.html
Samsung;Galaxy S24;128;793,00;o2;1;;;;;2026-10-10;https://www.o2online.de/e-shop/samsung/samsung-galaxy-s24-128gb-onyx-black-details?ohne-tarif=ja&zielgruppe=privatkunden&ratenzahlung=24&vertragsart=ratenzahlung
Apple;iPhone 16;128;757,00;congstar;4;757,00;1045,00;;;2026-10-10;https://www.congstar.de/geraete/apple/apple-iphone-16/
Samsung;Galaxy S23;128;721,00;o2;1;;;;;2026-10-10;https://www.o2online.de/e-shop/samsung/samsung-galaxy-s23-128gb-pink-details?ohne-tarif=ja&zielgruppe=privatkunden&ratenzahlung=24&vertragsart=ratenzahlung
Apple;iPhone 16 Plus;128;889,00;Saturn;3;889,00;991,00;;;2026-10-10;https://www.saturn.de/de/product/_apple-iphone-16-plus-5g-128-gb-schwarz-dual-sim-2954292.html
Samsung;Galaxy A57;128;369,00;Medimax;6;369,00;579,00;;;2026-10-07;https://www.medimax.de/p/1518897/galaxy-a57-5g-a576b-128gb
Apple;iPhone 16 Plus;256;;;1;;;43,99;1&1;2026-10-10;https://mobile.1und1.de/iphone-16-plus
Samsung;Galaxy A57;256;483,00;congstar;3;483,00;659,00;;;2026-10-10;https://www.congstar.de/geraete/samsung/samsung-galaxy-a57/
Apple;iPhone 15;128;721,00;o2;2;;;;;2026-10-10;https://www.o2online.de/e-shop/apple/apple-iphone-15-128gb-schwarz-details?ohne-tarif=ja&zielgruppe=privatkunden&ratenzahlung=24&vertragsart=ratenzahlung
Samsung;Galaxy A56;128;397,00;o2;1;;;;;2026-10-10;https://www.o2online.de/e-shop/samsung/samsung-galaxy-a56-128gb-awesome-graphite-5g-details?ohne-tarif=ja&zielgruppe=privatkunden&ratenzahlung=24&vertragsart=ratenzahlung
Apple;iPhone 15;256;;;0;;;;;;
Samsung;Galaxy A37;128;299,00;ElectronicPartner;6;299,00;469,00;;;2026-10-07;https://www.ep.de/p/1518879/galaxy-a37-5g-a376b-128gb
Apple;iPhone 15 Plus;128;937,00;o2;1;;;;;2026-10-10;https://www.o2online.de/e-shop/apple/apple-iphone-15-plus-128gb-schwarz-details?ohne-tarif=ja&zielgruppe=privatkunden&ratenzahlung=24&vertragsart=ratenzahlung
Samsung;Galaxy A37;256;445,00;congstar;2;445,00;589,00;;;2026-10-10;https://www.congstar.de/geraete/samsung/samsung-galaxy-a37/
Apple;iPhone 14;128;721,00;o2;1;;;;;2026-10-10;https://www.o2online.de/e-shop/apple/apple-iphone-14-128gb-mitternacht-details?ohne-tarif=ja&zielgruppe=privatkunden&ratenzahlung=24&vertragsart=ratenzahlung
Samsung;Galaxy A36;128;359,00;mobilcom-debitel;1;;;;;2026-10-10;https://www.freenet.de/handys-smartphones/samsung/samsung-galaxy-a36-5g-ohne-vertrag/p/P-M-3926071?ds=P-4034234
Apple;iPhone 17e;256;775,00;congstar;6;775,00;849,90;;;2026-10-10;https://www.congstar.de/geraete/apple/apple-iphone-17e/
Samsung;Galaxy A36;256;429,00;mobilcom-debitel;1;;;;;2026-10-10;https://www.freenet.de/handys-smartphones/samsung/samsung-galaxy-a36-5g-ohne-vertrag/p/P-M-3926071?ds=P-4034258
Apple;iPhone 17e;512;1089,00;Saturn;3;;;;;2026-10-10;https://www.saturn.de/de/product/_apple-iphone-17e-512-gb-schwarz-dual-sim-3040155.html
Samsung;Galaxy A27;128;343,00;o2;2;;;;;2026-10-10;https://www.o2online.de/e-shop/samsung/samsung-galaxy-a27-5g-128gb-schwarz-details?ohne-tarif=ja&zielgruppe=privatkunden&ratenzahlung=24&vertragsart=ratenzahlung
Apple;iPhone 16e;128;629,00;mobilcom-debitel;5;629,00;703,00;;;2026-10-10;https://www.freenet.de/handys-smartphones/apple/iphone-16e-ohne-vertrag/p/P-M-3925066?ds=P-4038730
Samsung;Galaxy A26;128;;;1;;;67,25;Telekom;2026-10-10;https://www.telekom.de/shop/geraet/samsung/samsung-galaxy-a26-5g/black-128-gb?sortBy=popularityIndex&currentPage=3&tariffId=MF_17797&itemPerPage=24&excludedCurrentPage=1&forwardTradeInApplied=false&bp=acquisition&categoryId=smartphones
Apple;iPhone 16e;256;829,00;mobilcom-debitel;1;;;;;2026-10-10;https://www.freenet.de/handys-smartphones/apple/iphone-16e-ohne-vertrag/p/P-M-3925066?ds=P-4038742
Samsung;Galaxy A17;128;139,00;ALDI TALK;7;139,00;299,00;;;2026-10-10;https://www.alditalk.de/p/samsung-samsung-galaxy-a17-lte-128-gb-black-sm-a175f-dsb-30042091A1?FF_QUERY=*%3Acategory_id%3BG5DE0Z0SIKUBHRGTNF411A7XPLN9RV3D&FF_POS=2&FF_PAGE=1&FF_PAGESIZE=30&FF_SCORE=100.0&FF_CAMPAIGN=&FF_CAMPAIGN_PAGE_ID=
Apple;iPhone 16e;512;1079,00;mobilcom-debitel;1;;;;;2026-10-10;https://www.freenet.de/handys-smartphones/apple/iphone-16e-ohne-vertrag/p/P-M-3925066?ds=P-4038754
Samsung;Galaxy XCover7 Pro EE;128;541,00;o2;1;;;;;2026-10-10;https://www.o2online.de/e-shop/samsung/samsung-galaxy-xcover-7-pro-5g-ee-128gb-schwarz-details?ohne-tarif=ja&zielgruppe=privatkunden&ratenzahlung=24&vertragsart=ratenzahlung
Apple;AirPods 5;;157,00;o2;1;;;;;2026-10-10;https://www.o2online.de/e-shop/apple/apple-airpods-5-weiss-details?ohne-tarif=ja&zielgruppe=privatkunden&ratenzahlung=24&vertragsart=ratenzahlung
Samsung;Galaxy Xcover 7 EE;;325,00;o2;1;;;;;2026-10-10;https://www.o2online.de/e-shop/samsung/samsung-galaxy-xcover-7-ee-schwarz-details?ohne-tarif=ja&zielgruppe=privatkunden&ratenzahlung=24&vertragsart=ratenzahlung
Apple;Watch S12 GPS 42 mm Aluminium;;469,00;o2;1;;;;;2026-10-10;https://www.o2online.de/e-shop/apple/apple-watch-s12-gps-42-alu-lichtgold-details?ohne-tarif=ja&zielgruppe=privatkunden&ratenzahlung=24&vertragsart=ratenzahlung
Samsung;Galaxy Xcover 7 EE;128;253,00;congstar;1;;;;;2026-10-10;https://www.congstar.de/geraete/samsung/samsung-galaxy-xcover-7-ee/
Apple;Watch S12 GPS 46 mm Aluminium;;505,00;o2;1;;;;;2026-10-10;https://www.o2online.de/e-shop/apple/apple-watch-s12-gps-46-alu-lichtgold-details?ohne-tarif=ja&zielgruppe=privatkunden&ratenzahlung=24&vertragsart=ratenzahlung
Samsung;Galaxy Tab A11+;128;329,90;Vodafone;1;;;;;2026-10-10;https://www.vodafone.de/privat/handys-tablets-tarife/tablets.html
Apple;Watch SE 3;;319,90;Vodafone;2;319,90;349,00;;;2026-10-10;https://www.vodafone.de/privat/smartwatches/apple-watch-se-3.html
Samsung;Galaxy Tab S10 FE;128;599,90;Vodafone;1;;;;;2026-10-10;https://www.vodafone.de/privat/handys-tablets-tarife/tablets.html
Apple;iPad (2025);128;669,90;Vodafone;1;;;;;2026-10-10;https://www.vodafone.de/privat/handys-tablets-tarife/tablets.html
Samsung;Galaxy Tab S11 Ultra;256;1549,90;Vodafone;1;;;;;2026-10-10;https://www.vodafone.de/privat/handys-tablets-tarife/tablets.html
Apple;iPad (2025);256;799,90;Vodafone;1;;;;;2026-10-10;https://www.vodafone.de/privat/handys-tablets-tarife/tablets.html
Apple;iPad Pro 13 (2025);256;1899,90;Vodafone;1;;;;;2026-10-10;https://www.vodafone.de/privat/handys-tablets-tarife/tablets.html
Apple;iPad Pro 13 (2025);512;2149,90;Vodafone;1;;;;;2026-10-10;https://www.vodafone.de/privat/handys-tablets-tarife/tablets.html
Apple;iPad Pro 11 (2025);256;1549,90;Vodafone;1;;;;;2026-10-10;https://www.vodafone.de/privat/handys-tablets-tarife/tablets.html
Apple;iPad Pro 11 (2025);512;1799,90;Vodafone;1;;;;;2026-10-10;https://www.vodafone.de/privat/handys-tablets-tarife/tablets.html
Apple;iPad Pro 11 2024;512;1599,90;Vodafone;1;;;;;2026-10-10;https://www.vodafone.de/privat/handys-tablets-tarife/tablets.html
