Anbieter;Anbietertyp;Hersteller;Modell;Speicher GB;Farbe;Zustand;Preis EUR;Preisart;Tarifreferenz;Verfuegbarkeit;Quelle;Abgerufen am;Listungs-ID;SKU-ID
ALDI TALK;discount;Apple;iPhone 15;128;schwarz;refurbished;499,00;ohne Vertrag;;lieferbar;https://www.alditalk.de/p/apple-apple-iphone-15-5g-128-gb-refurbished--schwarz-a3090-30041755A1?FF_QUERY=*%3Acategory_id%3BG5DE0Z0SIKUBHRGTNF411A7XPLN9RV3D&FF_POS=21&FF_PAGE=1&FF_PAGESIZE=30&FF_SCORE=100.0&FF_CAMPAIGN=&FF_CAMPAIGN_PAGE_ID=;2026-08-29;aldi-talk--apple-iphone-15-128gb-schwarz-refurbished;apple-iphone-15-128gb-schwarz-refurbished
ALDI TALK;discount;Samsung;Galaxy A17;128;schwarz;neu;129,00;ohne Vertrag;;lieferbar;https://www.alditalk.de/p/samsung-samsung-galaxy-a17-lte-128-gb-black-sm-a175f-dsb--beclad-starter-kit-fur-samsung-galaxy-a17-330042091A1?FF_QUERY=*%3Acategory_id%3BG5DE0Z0SIKUBHRGTNF411A7XPLN9RV3D&FF_POS=22&FF_PAGE=1&FF_PAGESIZE=30&FF_SCORE=100.0&FF_CAMPAIGN=&FF_CAMPAIGN_PAGE_ID=;2026-08-29;aldi-talk--samsung-galaxy-a17-128gb-schwarz;samsung-galaxy-a17-128gb-schwarz
Vodafone;netzbetreiber;Apple;iPhone 15;128;schwarz;neu;709,90;ohne Vertrag;;lieferbar;https://www.vodafone.de/privat/handys/iphone-15.html;2026-08-29;vodafone--apple-iphone-15-128gb-schwarz;apple-iphone-15-128gb-schwarz
Vodafone;netzbetreiber;Apple;iPhone 15;256;schwarz;neu;839,90;ohne Vertrag;;lieferbar;https://www.vodafone.de/privat/handys/iphone-15.html;2026-08-29;vodafone--apple-iphone-15-256gb-schwarz;apple-iphone-15-256gb-schwarz
Vodafone;netzbetreiber;Apple;iPhone 16;128;blau;neu;849,90;ohne Vertrag;;lieferbar;https://www.vodafone.de/privat/handys/iphone-16.html;2026-08-29;vodafone--apple-iphone-16-128gb-blau;apple-iphone-16-128gb-blau
Vodafone;netzbetreiber;Apple;iPhone 16;128;Blaugrün;neu;849,90;ohne Vertrag;;lieferbar;https://www.vodafone.de/privat/handys/iphone-16.html;2026-08-29;vodafone--apple-iphone-16-128gb-blaugruen;apple-iphone-16-128gb-blaugruen
Vodafone;netzbetreiber;Apple;iPhone 16;128;rosa;neu;849,90;ohne Vertrag;;lieferbar;https://www.vodafone.de/privat/handys/iphone-16.html;2026-08-29;vodafone--apple-iphone-16-128gb-rosa;apple-iphone-16-128gb-rosa
Vodafone;netzbetreiber;Apple;iPhone 16;128;schwarz;neu;849,90;ohne Vertrag;;lieferbar;https://www.vodafone.de/privat/handys/iphone-16.html;2026-08-29;vodafone--apple-iphone-16-128gb-schwarz;apple-iphone-16-128gb-schwarz
Vodafone;netzbetreiber;Apple;iPhone 16;128;weiss;neu;849,90;ohne Vertrag;;lieferbar;https://www.vodafone.de/privat/handys/iphone-16.html;2026-08-29;vodafone--apple-iphone-16-128gb-weiss;apple-iphone-16-128gb-weiss
Vodafone;netzbetreiber;Apple;iPhone 16 Plus;128;schwarz;neu;949,90;ohne Vertrag;;lieferbar;https://www.vodafone.de/privat/handys/iphone-16-plus.html;2026-08-29;vodafone--apple-iphone-16-plus-128gb-schwarz;apple-iphone-16-plus-128gb-schwarz
Vodafone;netzbetreiber;Apple;iPhone 16e;128;schwarz;neu;599,90;ohne Vertrag;;lieferbar;https://www.vodafone.de/privat/handys/iphone-16e.html;2026-08-29;vodafone--apple-iphone-16e-128gb-schwarz;apple-iphone-16e-128gb-schwarz
Vodafone;netzbetreiber;Apple;iPhone 16e;128;weiss;neu;599,90;ohne Vertrag;;lieferbar;https://www.vodafone.de/privat/handys/iphone-16e.html;2026-08-29;vodafone--apple-iphone-16e-128gb-weiss;apple-iphone-16e-128gb-weiss
Vodafone;netzbetreiber;Apple;iPhone 17;256;gruen;neu;949,90;ohne Vertrag;;lieferbar;https://www.vodafone.de/privat/handys/iphone-17.html;2026-08-29;vodafone--apple-iphone-17-256gb-gruen;apple-iphone-17-256gb-gruen
Vodafone;netzbetreiber;Apple;iPhone 17;256;Nebelblau;neu;949,90;ohne Vertrag;;lieferbar;https://www.vodafone.de/privat/handys/iphone-17.html;2026-08-29;vodafone--apple-iphone-17-256gb-nebelblau;apple-iphone-17-256gb-nebelblau
Vodafone;netzbetreiber;Apple;iPhone 17;256;schwarz;neu;949,90;ohne Vertrag;;lieferbar;https://www.vodafone.de/privat/handys/iphone-17.html;2026-08-29;vodafone--apple-iphone-17-256gb-schwarz;apple-iphone-17-256gb-schwarz
Vodafone;netzbetreiber;Apple;iPhone 17;256;violett;neu;949,90;ohne Vertrag;;lieferbar;https://www.vodafone.de/privat/handys/iphone-17.html;2026-08-29;vodafone--apple-iphone-17-256gb-violett;apple-iphone-17-256gb-violett
Vodafone;netzbetreiber;Apple;iPhone 17;256;weiss;neu;949,90;ohne Vertrag;;lieferbar;https://www.vodafone.de/privat/handys/iphone-17.html;2026-08-29;vodafone--apple-iphone-17-256gb-weiss;apple-iphone-17-256gb-weiss
Vodafone;netzbetreiber;Apple;iPhone 17;512;gruen;neu;1199,90;ohne Vertrag;;lieferbar;https://www.vodafone.de/privat/handys/iphone-17.html;2026-08-29;vodafone--apple-iphone-17-512gb-gruen;apple-iphone-17-512gb-gruen
Vodafone;netzbetreiber;Apple;iPhone 17;512;Nebelblau;neu;1199,90;ohne Vertrag;;lieferbar;https://www.vodafone.de/privat/handys/iphone-17.html;2026-08-29;vodafone--apple-iphone-17-512gb-nebelblau;apple-iphone-17-512gb-nebelblau
Vodafone;netzbetreiber;Apple;iPhone 17;512;schwarz;neu;1199,90;ohne Vertrag;;lieferbar;https://www.vodafone.de/privat/handys/iphone-17.html;2026-08-29;vodafone--apple-iphone-17-512gb-schwarz;apple-iphone-17-512gb-schwarz
Vodafone;netzbetreiber;Apple;iPhone 17;512;violett;neu;1199,90;ohne Vertrag;;lieferbar;https://www.vodafone.de/privat/handys/iphone-17.html;2026-08-29;vodafone--apple-iphone-17-512gb-violett;apple-iphone-17-512gb-violett
Vodafone;netzbetreiber;Apple;iPhone 17;512;weiss;neu;1199,90;ohne Vertrag;;lieferbar;https://www.vodafone.de/privat/handys/iphone-17.html;2026-08-29;vodafone--apple-iphone-17-512gb-weiss;apple-iphone-17-512gb-weiss
Vodafone;netzbetreiber;Apple;iPhone 17 Pro;256;Cosmic Orange;neu;1199,90;ohne Vertrag;;lieferbar;https://www.vodafone.de/privat/handys/iphone-17-pro.html;2026-08-29;vodafone--apple-iphone-17-pro-256gb-cosmic-orange;apple-iphone-17-pro-256gb-cosmic-orange
Vodafone;netzbetreiber;Apple;iPhone 17 Pro;256;silber;neu;1199,90;ohne Vertrag;;lieferbar;https://www.vodafone.de/privat/handys/iphone-17-pro.html;2026-08-29;vodafone--apple-iphone-17-pro-256gb-silber;apple-iphone-17-pro-256gb-silber
Vodafone;netzbetreiber;Apple;iPhone 17 Pro;256;Tiefblau;neu;1199,90;ohne Vertrag;;lieferbar;https://www.vodafone.de/privat/handys/iphone-17-pro.html;2026-08-29;vodafone--apple-iphone-17-pro-256gb-tiefblau;apple-iphone-17-pro-256gb-tiefblau
Vodafone;netzbetreiber;Apple;iPhone 17 Pro;512;Cosmic Orange;neu;1449,90;ohne Vertrag;;lieferbar;https://www.vodafone.de/privat/handys/iphone-17-pro.html;2026-08-29;vodafone--apple-iphone-17-pro-512gb-cosmic-orange;apple-iphone-17-pro-512gb-cosmic-orange
Vodafone;netzbetreiber;Apple;iPhone 17 Pro;512;silber;neu;1449,90;ohne Vertrag;;lieferbar;https://www.vodafone.de/privat/handys/iphone-17-pro.html;2026-08-29;vodafone--apple-iphone-17-pro-512gb-silber;apple-iphone-17-pro-512gb-silber
Vodafone;netzbetreiber;Apple;iPhone 17 Pro;512;Tiefblau;neu;1449,90;ohne Vertrag;;lieferbar;https://www.vodafone.de/privat/handys/iphone-17-pro.html;2026-08-29;vodafone--apple-iphone-17-pro-512gb-tiefblau;apple-iphone-17-pro-512gb-tiefblau
Vodafone;netzbetreiber;Apple;iPhone 17 Pro;1024;Cosmic Orange;neu;1699,90;ohne Vertrag;;lieferbar;https://www.vodafone.de/privat/handys/iphone-17-pro.html;2026-08-29;vodafone--apple-iphone-17-pro-1024gb-cosmic-orange;apple-iphone-17-pro-1024gb-cosmic-orange
Vodafone;netzbetreiber;Apple;iPhone 17 Pro;1024;silber;neu;1699,90;ohne Vertrag;;lieferbar;https://www.vodafone.de/privat/handys/iphone-17-pro.html;2026-08-29;vodafone--apple-iphone-17-pro-1024gb-silber;apple-iphone-17-pro-1024gb-silber
Vodafone;netzbetreiber;Apple;iPhone 17 Pro;1024;Tiefblau;neu;1699,90;ohne Vertrag;;lieferbar;https://www.vodafone.de/privat/handys/iphone-17-pro.html;2026-08-29;vodafone--apple-iphone-17-pro-1024gb-tiefblau;apple-iphone-17-pro-1024gb-tiefblau
Vodafone;netzbetreiber;Apple;iPhone 17 Pro Max;256;Cosmic Orange;neu;1349,90;ohne Vertrag;;lieferbar;https://www.vodafone.de/privat/handys/iphone-17-pro-max.html;2026-08-29;vodafone--apple-iphone-17-pro-max-256gb-cosmic-orange;apple-iphone-17-pro-max-256gb-cosmic-orange
Vodafone;netzbetreiber;Apple;iPhone 17 Pro Max;256;silber;neu;1349,90;ohne Vertrag;;lieferbar;https://www.vodafone.de/privat/handys/iphone-17-pro-max.html;2026-08-29;vodafone--apple-iphone-17-pro-max-256gb-silber;apple-iphone-17-pro-max-256gb-silber
Vodafone;netzbetreiber;Apple;iPhone 17 Pro Max;256;Tiefblau;neu;1349,90;ohne Vertrag;;lieferbar;https://www.vodafone.de/privat/handys/iphone-17-pro-max.html;2026-08-29;vodafone--apple-iphone-17-pro-max-256gb-tiefblau;apple-iphone-17-pro-max-256gb-tiefblau
Vodafone;netzbetreiber;Apple;iPhone 17 Pro Max;512;Cosmic Orange;neu;1599,90;ohne Vertrag;;lieferbar;https://www.vodafone.de/privat/handys/iphone-17-pro-max.html;2026-08-29;vodafone--apple-iphone-17-pro-max-512gb-cosmic-orange;apple-iphone-17-pro-max-512gb-cosmic-orange
Vodafone;netzbetreiber;Apple;iPhone 17 Pro Max;512;silber;neu;1599,90;ohne Vertrag;;lieferbar;https://www.vodafone.de/privat/handys/iphone-17-pro-max.html;2026-08-29;vodafone--apple-iphone-17-pro-max-512gb-silber;apple-iphone-17-pro-max-512gb-silber
Vodafone;netzbetreiber;Apple;iPhone 17 Pro Max;512;Tiefblau;neu;1599,90;ohne Vertrag;;lieferbar;https://www.vodafone.de/privat/handys/iphone-17-pro-max.html;2026-08-29;vodafone--apple-iphone-17-pro-max-512gb-tiefblau;apple-iphone-17-pro-max-512gb-tiefblau
Vodafone;netzbetreiber;Apple;iPhone 17 Pro Max;1024;Cosmic Orange;neu;1849,90;ohne Vertrag;;lieferbar;https://www.vodafone.de/privat/handys/iphone-17-pro-max.html;2026-08-29;vodafone--apple-iphone-17-pro-max-1024gb-cosmic-orange;apple-iphone-17-pro-max-1024gb-cosmic-orange
Vodafone;netzbetreiber;Apple;iPhone 17e;256;Hellrosa;neu;699,90;ohne Vertrag;;lieferbar;https://www.vodafone.de/privat/handys/iphone-17e.html;2026-08-29;vodafone--apple-iphone-17e-256gb-hellrosa;apple-iphone-17e-256gb-hellrosa
Vodafone;netzbetreiber;Apple;iPhone 17e;256;schwarz;neu;699,90;ohne Vertrag;;lieferbar;https://www.vodafone.de/privat/handys/iphone-17e.html;2026-08-29;vodafone--apple-iphone-17e-256gb-schwarz;apple-iphone-17e-256gb-schwarz
Vodafone;netzbetreiber;Apple;iPhone 17e;256;weiss;neu;699,90;ohne Vertrag;;lieferbar;https://www.vodafone.de/privat/handys/iphone-17e.html;2026-08-29;vodafone--apple-iphone-17e-256gb-weiss;apple-iphone-17e-256gb-weiss
Vodafone;netzbetreiber;Apple;iPhone 17e;512;Hellrosa;neu;949,90;ohne Vertrag;;lieferbar;https://www.vodafone.de/privat/handys/iphone-17e.html;2026-08-29;vodafone--apple-iphone-17e-512gb-hellrosa;apple-iphone-17e-512gb-hellrosa
Vodafone;netzbetreiber;Apple;iPhone 17e;512;schwarz;neu;949,90;ohne Vertrag;;lieferbar;https://www.vodafone.de/privat/handys/iphone-17e.html;2026-08-29;vodafone--apple-iphone-17e-512gb-schwarz;apple-iphone-17e-512gb-schwarz
Vodafone;netzbetreiber;Apple;iPhone 17e;512;weiss;neu;949,90;ohne Vertrag;;lieferbar;https://www.vodafone.de/privat/handys/iphone-17e.html;2026-08-29;vodafone--apple-iphone-17e-512gb-weiss;apple-iphone-17e-512gb-weiss
Vodafone;netzbetreiber;Apple;iPhone Air;256;Space Schwarz;neu;949,90;ohne Vertrag;;lieferbar;https://www.vodafone.de/privat/handys/iphone-air.html;2026-08-29;vodafone--apple-iphone-air-256gb-space-schwarz;apple-iphone-air-256gb-space-schwarz
Vodafone;netzbetreiber;Apple;iPhone Air;256;Wolkenweiß;neu;949,90;ohne Vertrag;;lieferbar;https://www.vodafone.de/privat/handys/iphone-air.html;2026-08-29;vodafone--apple-iphone-air-256gb-wolkenweiss;apple-iphone-air-256gb-wolkenweiss
Vodafone;netzbetreiber;Apple;iPhone Air;512;Himmelblau;neu;1069,90;ohne Vertrag;;lieferbar;https://www.vodafone.de/privat/handys/iphone-air.html;2026-08-29;vodafone--apple-iphone-air-512gb-himmelblau;apple-iphone-air-512gb-himmelblau
Vodafone;netzbetreiber;Apple;iPhone Air;512;Lichtgold;neu;1069,90;ohne Vertrag;;lieferbar;https://www.vodafone.de/privat/handys/iphone-air.html;2026-08-29;vodafone--apple-iphone-air-512gb-lichtgold;apple-iphone-air-512gb-lichtgold
Vodafone;netzbetreiber;Apple;iPhone Air;512;Space Schwarz;neu;1069,90;ohne Vertrag;;lieferbar;https://www.vodafone.de/privat/handys/iphone-air.html;2026-08-29;vodafone--apple-iphone-air-512gb-space-schwarz;apple-iphone-air-512gb-space-schwarz
Vodafone;netzbetreiber;Apple;iPhone Air;1024;Himmelblau;neu;1319,90;ohne Vertrag;;lieferbar;https://www.vodafone.de/privat/handys/iphone-air.html;2026-08-29;vodafone--apple-iphone-air-1024gb-himmelblau;apple-iphone-air-1024gb-himmelblau
Vodafone;netzbetreiber;Apple;iPhone Air;1024;Lichtgold;neu;1319,90;ohne Vertrag;;lieferbar;https://www.vodafone.de/privat/handys/iphone-air.html;2026-08-29;vodafone--apple-iphone-air-1024gb-lichtgold;apple-iphone-air-1024gb-lichtgold
Vodafone;netzbetreiber;Apple;iPhone Air;1024;Space Schwarz;neu;1319,90;ohne Vertrag;;lieferbar;https://www.vodafone.de/privat/handys/iphone-air.html;2026-08-29;vodafone--apple-iphone-air-1024gb-space-schwarz;apple-iphone-air-1024gb-space-schwarz
Vodafone;netzbetreiber;Fairphone;Fairphone 6;256;Horizon Black;neu;549,90;ohne Vertrag;;lieferbar;https://www.vodafone.de/privat/handys/fairphone-6.html;2026-08-29;vodafone--fairphone-6-256gb-horizon-black;fairphone-6-256gb-horizon-black
Vodafone;netzbetreiber;Google;Pixel 10;128;schwarz;neu;899,90;ohne Vertrag;;lieferbar;https://www.vodafone.de/privat/handys/google-pixel-10.html;2026-08-29;vodafone--google-pixel-10-128gb-schwarz;google-pixel-10-128gb-schwarz
Vodafone;netzbetreiber;Google;Pixel 10 Pro;128;schwarz;neu;1099,90;ohne Vertrag;;lieferbar;https://www.vodafone.de/privat/handys/google-pixel-10-pro.html;2026-08-29;vodafone--google-pixel-10-pro-128gb-schwarz;google-pixel-10-pro-128gb-schwarz
Vodafone;netzbetreiber;Google;Pixel 10 Pro XL;256;schwarz;neu;1299,90;ohne Vertrag;;lieferbar;https://www.vodafone.de/privat/handys/google-pixel-10-pro-xl.html;2026-08-29;vodafone--google-pixel-10-pro-xl-256gb-schwarz;google-pixel-10-pro-xl-256gb-schwarz
Vodafone;netzbetreiber;Google;Pixel 10a;128;Berry;neu;549,90;ohne Vertrag;;lieferbar;https://www.vodafone.de/privat/handys/google-pixel-10a.html;2026-08-29;vodafone--google-pixel-10a-128gb-berry;google-pixel-10a-128gb-berry
Vodafone;netzbetreiber;Google;Pixel 10a;128;Fog;neu;549,90;ohne Vertrag;;lieferbar;https://www.vodafone.de/privat/handys/google-pixel-10a.html;2026-08-29;vodafone--google-pixel-10a-128gb-fog;google-pixel-10a-128gb-fog
Vodafone;netzbetreiber;Google;Pixel 10a;128;schwarz;neu;549,90;ohne Vertrag;;lieferbar;https://www.vodafone.de/privat/handys/google-pixel-10a.html;2026-08-29;vodafone--google-pixel-10a-128gb-schwarz;google-pixel-10a-128gb-schwarz
Vodafone;netzbetreiber;Google;Pixel 10a;128;violett;neu;549,90;ohne Vertrag;;lieferbar;https://www.vodafone.de/privat/handys/google-pixel-10a.html;2026-08-29;vodafone--google-pixel-10a-128gb-violett;google-pixel-10a-128gb-violett
Vodafone;netzbetreiber;Google;Pixel 10a;256;schwarz;neu;649,90;ohne Vertrag;;lieferbar;https://www.vodafone.de/privat/handys/google-pixel-10a.html;2026-08-29;vodafone--google-pixel-10a-256gb-schwarz;google-pixel-10a-256gb-schwarz
Vodafone;netzbetreiber;Google;Pixel 11;256;Frost;neu;999,90;ohne Vertrag;;lieferbar;https://www.vodafone.de/privat/handys/google-pixel-11.html;2026-08-29;vodafone--google-pixel-11-256gb-frost;google-pixel-11-256gb-frost
Vodafone;netzbetreiber;Google;Pixel 11;256;Hibiscus;neu;999,90;ohne Vertrag;;lieferbar;https://www.vodafone.de/privat/handys/google-pixel-11.html;2026-08-29;vodafone--google-pixel-11-256gb-hibiscus;google-pixel-11-256gb-hibiscus
Vodafone;netzbetreiber;Google;Pixel 11;256;Pistachio;neu;999,90;ohne Vertrag;;lieferbar;https://www.vodafone.de/privat/handys/google-pixel-11.html;2026-08-29;vodafone--google-pixel-11-256gb-pistachio;google-pixel-11-256gb-pistachio
Vodafone;netzbetreiber;Google;Pixel 11;256;schwarz;neu;999,90;ohne Vertrag;;lieferbar;https://www.vodafone.de/privat/handys/google-pixel-11.html;2026-08-29;vodafone--google-pixel-11-256gb-schwarz;google-pixel-11-256gb-schwarz
Vodafone;netzbetreiber;Google;Pixel 11;512;Frost;neu;1129,90;ohne Vertrag;;lieferbar;https://www.vodafone.de/privat/handys/google-pixel-11.html;2026-08-29;vodafone--google-pixel-11-512gb-frost;google-pixel-11-512gb-frost
Vodafone;netzbetreiber;Google;Pixel 11;512;schwarz;neu;1129,90;ohne Vertrag;;lieferbar;https://www.vodafone.de/privat/handys/google-pixel-11.html;2026-08-29;vodafone--google-pixel-11-512gb-schwarz;google-pixel-11-512gb-schwarz
Vodafone;netzbetreiber;Google;Pixel 11 Pro;256;Canyon;neu;1199,90;ohne Vertrag;;lieferbar;https://www.vodafone.de/privat/handys/google-pixel-11-pro.html;2026-08-29;vodafone--google-pixel-11-pro-256gb-canyon;google-pixel-11-pro-256gb-canyon
Vodafone;netzbetreiber;Google;Pixel 11 Pro;256;Fog;neu;1199,90;ohne Vertrag;;lieferbar;https://www.vodafone.de/privat/handys/google-pixel-11-pro.html;2026-08-29;vodafone--google-pixel-11-pro-256gb-fog;google-pixel-11-pro-256gb-fog
Vodafone;netzbetreiber;Google;Pixel 11 Pro;256;Olive;neu;1199,90;ohne Vertrag;;lieferbar;https://www.vodafone.de/privat/handys/google-pixel-11-pro.html;2026-08-29;vodafone--google-pixel-11-pro-256gb-olive;google-pixel-11-pro-256gb-olive
Vodafone;netzbetreiber;Google;Pixel 11 Pro;256;schwarz;neu;1199,90;ohne Vertrag;;lieferbar;https://www.vodafone.de/privat/handys/google-pixel-11-pro.html;2026-08-29;vodafone--google-pixel-11-pro-256gb-schwarz;google-pixel-11-pro-256gb-schwarz
Vodafone;netzbetreiber;Google;Pixel 11 Pro;512;Canyon;neu;1329,90;ohne Vertrag;;lieferbar;https://www.vodafone.de/privat/handys/google-pixel-11-pro.html;2026-08-29;vodafone--google-pixel-11-pro-512gb-canyon;google-pixel-11-pro-512gb-canyon
Vodafone;netzbetreiber;Google;Pixel 11 Pro;512;Fog;neu;1329,90;ohne Vertrag;;lieferbar;https://www.vodafone.de/privat/handys/google-pixel-11-pro.html;2026-08-29;vodafone--google-pixel-11-pro-512gb-fog;google-pixel-11-pro-512gb-fog
Vodafone;netzbetreiber;Google;Pixel 11 Pro;512;Olive;neu;1329,90;ohne Vertrag;;lieferbar;https://www.vodafone.de/privat/handys/google-pixel-11-pro.html;2026-08-29;vodafone--google-pixel-11-pro-512gb-olive;google-pixel-11-pro-512gb-olive
Vodafone;netzbetreiber;Google;Pixel 11 Pro;512;schwarz;neu;1329,90;ohne Vertrag;;lieferbar;https://www.vodafone.de/privat/handys/google-pixel-11-pro.html;2026-08-29;vodafone--google-pixel-11-pro-512gb-schwarz;google-pixel-11-pro-512gb-schwarz
Vodafone;netzbetreiber;Google;Pixel 11 Pro Fold;256;schwarz;neu;1999,90;ohne Vertrag;;lieferbar;https://www.vodafone.de/privat/handys/google-pixel-11-pro-fold.html;2026-08-29;vodafone--google-pixel-11-pro-fold-256gb-schwarz;google-pixel-11-pro-fold-256gb-schwarz
Vodafone;netzbetreiber;Google;Pixel 11 Pro XL;256;Canyon;neu;1399,90;ohne Vertrag;;lieferbar;https://www.vodafone.de/privat/handys/google-pixel-11-pro-xl.html;2026-08-29;vodafone--google-pixel-11-pro-xl-256gb-canyon;google-pixel-11-pro-xl-256gb-canyon
Vodafone;netzbetreiber;Google;Pixel 11 Pro XL;256;Fog;neu;1399,90;ohne Vertrag;;lieferbar;https://www.vodafone.de/privat/handys/google-pixel-11-pro-xl.html;2026-08-29;vodafone--google-pixel-11-pro-xl-256gb-fog;google-pixel-11-pro-xl-256gb-fog
Vodafone;netzbetreiber;Google;Pixel 11 Pro XL;256;Olive;neu;1399,90;ohne Vertrag;;lieferbar;https://www.vodafone.de/privat/handys/google-pixel-11-pro-xl.html;2026-08-29;vodafone--google-pixel-11-pro-xl-256gb-olive;google-pixel-11-pro-xl-256gb-olive
Vodafone;netzbetreiber;Google;Pixel 11 Pro XL;256;schwarz;neu;1399,90;ohne Vertrag;;lieferbar;https://www.vodafone.de/privat/handys/google-pixel-11-pro-xl.html;2026-08-29;vodafone--google-pixel-11-pro-xl-256gb-schwarz;google-pixel-11-pro-xl-256gb-schwarz
Vodafone;netzbetreiber;Google;Pixel 11 Pro XL;512;Canyon;neu;1529,90;ohne Vertrag;;lieferbar;https://www.vodafone.de/privat/handys/google-pixel-11-pro-xl.html;2026-08-29;vodafone--google-pixel-11-pro-xl-512gb-canyon;google-pixel-11-pro-xl-512gb-canyon
Vodafone;netzbetreiber;Google;Pixel 11 Pro XL;512;Fog;neu;1529,90;ohne Vertrag;;lieferbar;https://www.vodafone.de/privat/handys/google-pixel-11-pro-xl.html;2026-08-29;vodafone--google-pixel-11-pro-xl-512gb-fog;google-pixel-11-pro-xl-512gb-fog
Vodafone;netzbetreiber;Google;Pixel 11 Pro XL;512;Olive;neu;1529,90;ohne Vertrag;;lieferbar;https://www.vodafone.de/privat/handys/google-pixel-11-pro-xl.html;2026-08-29;vodafone--google-pixel-11-pro-xl-512gb-olive;google-pixel-11-pro-xl-512gb-olive
Vodafone;netzbetreiber;Google;Pixel 11 Pro XL;512;schwarz;neu;1529,90;ohne Vertrag;;lieferbar;https://www.vodafone.de/privat/handys/google-pixel-11-pro-xl.html;2026-08-29;vodafone--google-pixel-11-pro-xl-512gb-schwarz;google-pixel-11-pro-xl-512gb-schwarz
Vodafone;netzbetreiber;Samsung;Galaxy A17;128;blau;neu;219,90;ohne Vertrag;;lieferbar;https://www.vodafone.de/privat/handys/samsung-galaxy-a17-5g.html;2026-08-29;vodafone--samsung-galaxy-a17-128gb-blau;samsung-galaxy-a17-128gb-blau
Vodafone;netzbetreiber;Samsung;Galaxy A17;128;schwarz;neu;219,90;ohne Vertrag;;lieferbar;https://www.vodafone.de/privat/handys/samsung-galaxy-a17-5g.html;2026-08-29;vodafone--samsung-galaxy-a17-128gb-schwarz;samsung-galaxy-a17-128gb-schwarz
Vodafone;netzbetreiber;Samsung;Galaxy A37;128;Awesome Charcoal;neu;399,90;ohne Vertrag;;lieferbar;https://www.vodafone.de/privat/handys/samsung-galaxy-a37-5g.html;2026-08-29;vodafone--samsung-galaxy-a37-128gb-awesome-charcoal;samsung-galaxy-a37-128gb-awesome-charcoal
Vodafone;netzbetreiber;Samsung;Galaxy A57;256;Awesome Gray;neu;549,90;ohne Vertrag;;lieferbar;https://www.vodafone.de/privat/handys/samsung-galaxy-a57-5g.html;2026-08-29;vodafone--samsung-galaxy-a57-256gb-awesome-gray;samsung-galaxy-a57-256gb-awesome-gray
Vodafone;netzbetreiber;Samsung;Galaxy A57;256;Awesome Navy;neu;549,90;ohne Vertrag;;lieferbar;https://www.vodafone.de/privat/handys/samsung-galaxy-a57-5g.html;2026-08-29;vodafone--samsung-galaxy-a57-256gb-awesome-navy;samsung-galaxy-a57-256gb-awesome-navy
Vodafone;netzbetreiber;Samsung;Galaxy S25;128;blau;neu;849,90;ohne Vertrag;;lieferbar;https://www.vodafone.de/privat/handys/samsung-galaxy-s25.html;2026-08-29;vodafone--samsung-galaxy-s25-128gb-blau;samsung-galaxy-s25-128gb-blau
Vodafone;netzbetreiber;Samsung;Galaxy S25 FE;128;blau;neu;699,90;ohne Vertrag;;lieferbar;https://www.vodafone.de/privat/handys/samsung-galaxy-s25-fe.html;2026-08-29;vodafone--samsung-galaxy-s25-fe-128gb-blau;samsung-galaxy-s25-fe-128gb-blau
Vodafone;netzbetreiber;Samsung;Galaxy S25 FE;128;Jetblack;neu;699,90;ohne Vertrag;;lieferbar;https://www.vodafone.de/privat/handys/samsung-galaxy-s25-fe.html;2026-08-29;vodafone--samsung-galaxy-s25-fe-128gb-jetblack;samsung-galaxy-s25-fe-128gb-jetblack
Vodafone;netzbetreiber;Samsung;Galaxy S26;256;Cobalt Violet;neu;979,90;ohne Vertrag;;lieferbar;https://www.vodafone.de/privat/handys/samsung-galaxy-s26.html;2026-08-29;vodafone--samsung-galaxy-s26-256gb-cobalt-violet;samsung-galaxy-s26-256gb-cobalt-violet
Vodafone;netzbetreiber;Samsung;Galaxy S26;256;schwarz;neu;979,90;ohne Vertrag;;lieferbar;https://www.vodafone.de/privat/handys/samsung-galaxy-s26.html;2026-08-29;vodafone--samsung-galaxy-s26-256gb-schwarz;samsung-galaxy-s26-256gb-schwarz
Vodafone;netzbetreiber;Samsung;Galaxy S26;256;Sky Blue;neu;979,90;ohne Vertrag;;lieferbar;https://www.vodafone.de/privat/handys/samsung-galaxy-s26.html;2026-08-29;vodafone--samsung-galaxy-s26-256gb-sky-blue;samsung-galaxy-s26-256gb-sky-blue
Vodafone;netzbetreiber;Samsung;Galaxy S26;256;weiss;neu;979,90;ohne Vertrag;;lieferbar;https://www.vodafone.de/privat/handys/samsung-galaxy-s26.html;2026-08-29;vodafone--samsung-galaxy-s26-256gb-weiss;samsung-galaxy-s26-256gb-weiss
Vodafone;netzbetreiber;Samsung;Galaxy S26;512;Cobalt Violet;neu;1179,90;ohne Vertrag;;lieferbar;https://www.vodafone.de/privat/handys/samsung-galaxy-s26.html;2026-08-29;vodafone--samsung-galaxy-s26-512gb-cobalt-violet;samsung-galaxy-s26-512gb-cobalt-violet
Vodafone;netzbetreiber;Samsung;Galaxy S26;512;schwarz;neu;1179,90;ohne Vertrag;;lieferbar;https://www.vodafone.de/privat/handys/samsung-galaxy-s26.html;2026-08-29;vodafone--samsung-galaxy-s26-512gb-schwarz;samsung-galaxy-s26-512gb-schwarz
Vodafone;netzbetreiber;Samsung;Galaxy S26;512;Sky Blue;neu;1179,90;ohne Vertrag;;lieferbar;https://www.vodafone.de/privat/handys/samsung-galaxy-s26.html;2026-08-29;vodafone--samsung-galaxy-s26-512gb-sky-blue;samsung-galaxy-s26-512gb-sky-blue
Vodafone;netzbetreiber;Samsung;Galaxy S26;512;weiss;neu;1179,90;ohne Vertrag;;lieferbar;https://www.vodafone.de/privat/handys/samsung-galaxy-s26.html;2026-08-29;vodafone--samsung-galaxy-s26-512gb-weiss;samsung-galaxy-s26-512gb-weiss
Vodafone;netzbetreiber;Samsung;Galaxy S26 FE;128;grau;neu;799,90;ohne Vertrag;;lieferbar;https://www.vodafone.de/privat/handys/samsung-galaxy-s26-fe.html;2026-08-29;vodafone--samsung-galaxy-s26-fe-128gb-grau;samsung-galaxy-s26-fe-128gb-grau
Vodafone;netzbetreiber;Samsung;Galaxy S26 FE;128;Pistachio;neu;799,90;ohne Vertrag;;lieferbar;https://www.vodafone.de/privat/handys/samsung-galaxy-s26-fe.html;2026-08-29;vodafone--samsung-galaxy-s26-fe-128gb-pistachio;samsung-galaxy-s26-fe-128gb-pistachio
Vodafone;netzbetreiber;Samsung;Galaxy S26 FE;256;grau;neu;899,90;ohne Vertrag;;lieferbar;https://www.vodafone.de/privat/handys/samsung-galaxy-s26-fe.html;2026-08-29;vodafone--samsung-galaxy-s26-fe-256gb-grau;samsung-galaxy-s26-fe-256gb-grau
Vodafone;netzbetreiber;Samsung;Galaxy S26 FE;256;Pistachio;neu;899,90;ohne Vertrag;;lieferbar;https://www.vodafone.de/privat/handys/samsung-galaxy-s26-fe.html;2026-08-29;vodafone--samsung-galaxy-s26-fe-256gb-pistachio;samsung-galaxy-s26-fe-256gb-pistachio
Vodafone;netzbetreiber;Samsung;Galaxy S26 Plus;256;Cobalt Violet;neu;1199,90;ohne Vertrag;;lieferbar;https://www.vodafone.de/privat/handys/samsung-galaxy-s26-plus.html;2026-08-29;vodafone--samsung-galaxy-s26-plus-256gb-cobalt-violet;samsung-galaxy-s26-plus-256gb-cobalt-violet
Vodafone;netzbetreiber;Samsung;Galaxy S26 Plus;256;schwarz;neu;1199,90;ohne Vertrag;;lieferbar;https://www.vodafone.de/privat/handys/samsung-galaxy-s26-plus.html;2026-08-29;vodafone--samsung-galaxy-s26-plus-256gb-schwarz;samsung-galaxy-s26-plus-256gb-schwarz
Vodafone;netzbetreiber;Samsung;Galaxy S26 Plus;256;Sky Blue;neu;1199,90;ohne Vertrag;;lieferbar;https://www.vodafone.de/privat/handys/samsung-galaxy-s26-plus.html;2026-08-29;vodafone--samsung-galaxy-s26-plus-256gb-sky-blue;samsung-galaxy-s26-plus-256gb-sky-blue
Vodafone;netzbetreiber;Samsung;Galaxy S26 Plus;256;weiss;neu;1199,90;ohne Vertrag;;lieferbar;https://www.vodafone.de/privat/handys/samsung-galaxy-s26-plus.html;2026-08-29;vodafone--samsung-galaxy-s26-plus-256gb-weiss;samsung-galaxy-s26-plus-256gb-weiss
Vodafone;netzbetreiber;Samsung;Galaxy S26 Plus;512;schwarz;neu;1399,90;ohne Vertrag;;lieferbar;https://www.vodafone.de/privat/handys/samsung-galaxy-s26-plus.html;2026-08-29;vodafone--samsung-galaxy-s26-plus-512gb-schwarz;samsung-galaxy-s26-plus-512gb-schwarz
Vodafone;netzbetreiber;Samsung;Galaxy S26 Plus;512;Sky Blue;neu;1399,90;ohne Vertrag;;lieferbar;https://www.vodafone.de/privat/handys/samsung-galaxy-s26-plus.html;2026-08-29;vodafone--samsung-galaxy-s26-plus-512gb-sky-blue;samsung-galaxy-s26-plus-512gb-sky-blue
Vodafone;netzbetreiber;Samsung;Galaxy S26 Plus;512;weiss;neu;1399,90;ohne Vertrag;;lieferbar;https://www.vodafone.de/privat/handys/samsung-galaxy-s26-plus.html;2026-08-29;vodafone--samsung-galaxy-s26-plus-512gb-weiss;samsung-galaxy-s26-plus-512gb-weiss
Vodafone;netzbetreiber;Samsung;Galaxy S26 Ultra;256;Cobalt Violet;neu;1349,90;ohne Vertrag;;lieferbar;https://www.vodafone.de/privat/handys/samsung-galaxy-s26-ultra.html;2026-08-29;vodafone--samsung-galaxy-s26-ultra-256gb-cobalt-violet;samsung-galaxy-s26-ultra-256gb-cobalt-violet
Vodafone;netzbetreiber;Samsung;Galaxy S26 Ultra;256;schwarz;neu;1349,90;ohne Vertrag;;lieferbar;https://www.vodafone.de/privat/handys/samsung-galaxy-s26-ultra.html;2026-08-29;vodafone--samsung-galaxy-s26-ultra-256gb-schwarz;samsung-galaxy-s26-ultra-256gb-schwarz
Vodafone;netzbetreiber;Samsung;Galaxy S26 Ultra;256;Sky Blue;neu;1349,90;ohne Vertrag;;lieferbar;https://www.vodafone.de/privat/handys/samsung-galaxy-s26-ultra.html;2026-08-29;vodafone--samsung-galaxy-s26-ultra-256gb-sky-blue;samsung-galaxy-s26-ultra-256gb-sky-blue
Vodafone;netzbetreiber;Samsung;Galaxy S26 Ultra;256;weiss;neu;1349,90;ohne Vertrag;;lieferbar;https://www.vodafone.de/privat/handys/samsung-galaxy-s26-ultra.html;2026-08-29;vodafone--samsung-galaxy-s26-ultra-256gb-weiss;samsung-galaxy-s26-ultra-256gb-weiss
Vodafone;netzbetreiber;Samsung;Galaxy S26 Ultra;512;Cobalt Violet;neu;1549,90;ohne Vertrag;;lieferbar;https://www.vodafone.de/privat/handys/samsung-galaxy-s26-ultra.html;2026-08-29;vodafone--samsung-galaxy-s26-ultra-512gb-cobalt-violet;samsung-galaxy-s26-ultra-512gb-cobalt-violet
Vodafone;netzbetreiber;Samsung;Galaxy S26 Ultra;512;schwarz;neu;1549,90;ohne Vertrag;;lieferbar;https://www.vodafone.de/privat/handys/samsung-galaxy-s26-ultra.html;2026-08-29;vodafone--samsung-galaxy-s26-ultra-512gb-schwarz;samsung-galaxy-s26-ultra-512gb-schwarz
Vodafone;netzbetreiber;Samsung;Galaxy S26 Ultra;512;Sky Blue;neu;1549,90;ohne Vertrag;;lieferbar;https://www.vodafone.de/privat/handys/samsung-galaxy-s26-ultra.html;2026-08-29;vodafone--samsung-galaxy-s26-ultra-512gb-sky-blue;samsung-galaxy-s26-ultra-512gb-sky-blue
Vodafone;netzbetreiber;Samsung;Galaxy S26 Ultra;512;weiss;neu;1549,90;ohne Vertrag;;lieferbar;https://www.vodafone.de/privat/handys/samsung-galaxy-s26-ultra.html;2026-08-29;vodafone--samsung-galaxy-s26-ultra-512gb-weiss;samsung-galaxy-s26-ultra-512gb-weiss
Vodafone;netzbetreiber;Samsung;Galaxy S26 Ultra;1024;schwarz;neu;1849,90;ohne Vertrag;;lieferbar;https://www.vodafone.de/privat/handys/samsung-galaxy-s26-ultra.html;2026-08-29;vodafone--samsung-galaxy-s26-ultra-1024gb-schwarz;samsung-galaxy-s26-ultra-1024gb-schwarz
Vodafone;netzbetreiber;Samsung;Galaxy Z Flip 7;256;Jetblack;neu;1079,90;ohne Vertrag;;lieferbar;https://www.vodafone.de/privat/handys/samsung-galaxy-z-flip7.html;2026-08-29;vodafone--samsung-galaxy-z-flip-7-256gb-jetblack;samsung-galaxy-z-flip-7-256gb-jetblack
Vodafone;netzbetreiber;Samsung;Galaxy Z Flip8;256;Cream;neu;1299,90;ohne Vertrag;;lieferbar;https://www.vodafone.de/privat/handys/samsung-galaxy-z-flip8.html;2026-08-29;vodafone--samsung-galaxy-z-flip8-256gb-cream;samsung-galaxy-z-flip8-256gb-cream
Vodafone;netzbetreiber;Samsung;Galaxy Z Flip8;256;grau;neu;1299,90;ohne Vertrag;;lieferbar;https://www.vodafone.de/privat/handys/samsung-galaxy-z-flip8.html;2026-08-29;vodafone--samsung-galaxy-z-flip8-256gb-grau;samsung-galaxy-z-flip8-256gb-grau
Vodafone;netzbetreiber;Samsung;Galaxy Z Flip8;256;rosa;neu;1299,90;ohne Vertrag;;lieferbar;https://www.vodafone.de/privat/handys/samsung-galaxy-z-flip8.html;2026-08-29;vodafone--samsung-galaxy-z-flip8-256gb-rosa;samsung-galaxy-z-flip8-256gb-rosa
Vodafone;netzbetreiber;Samsung;Galaxy Z Flip8;512;Cream;neu;1499,90;ohne Vertrag;;lieferbar;https://www.vodafone.de/privat/handys/samsung-galaxy-z-flip8.html;2026-08-29;vodafone--samsung-galaxy-z-flip8-512gb-cream;samsung-galaxy-z-flip8-512gb-cream
Vodafone;netzbetreiber;Samsung;Galaxy Z Flip8;512;grau;neu;1499,90;ohne Vertrag;;lieferbar;https://www.vodafone.de/privat/handys/samsung-galaxy-z-flip8.html;2026-08-29;vodafone--samsung-galaxy-z-flip8-512gb-grau;samsung-galaxy-z-flip8-512gb-grau
Vodafone;netzbetreiber;Samsung;Galaxy Z Flip8;512;rosa;neu;1499,90;ohne Vertrag;;lieferbar;https://www.vodafone.de/privat/handys/samsung-galaxy-z-flip8.html;2026-08-29;vodafone--samsung-galaxy-z-flip8-512gb-rosa;samsung-galaxy-z-flip8-512gb-rosa
Vodafone;netzbetreiber;Samsung;Galaxy Z Fold 7;256;Jetblack;neu;1879,90;ohne Vertrag;;lieferbar;https://www.vodafone.de/privat/handys/samsung-galaxy-z-fold7.html;2026-08-29;vodafone--samsung-galaxy-z-fold-7-256gb-jetblack;samsung-galaxy-z-fold-7-256gb-jetblack
Vodafone;netzbetreiber;Samsung;Galaxy Z Fold8;256;Cream;neu;1999,90;ohne Vertrag;;lieferbar;https://www.vodafone.de/privat/handys/samsung-galaxy-z-fold8.html;2026-08-29;vodafone--samsung-galaxy-z-fold8-256gb-cream;samsung-galaxy-z-fold8-256gb-cream
Vodafone;netzbetreiber;Samsung;Galaxy Z Fold8;256;grau;neu;1999,90;ohne Vertrag;;lieferbar;https://www.vodafone.de/privat/handys/samsung-galaxy-z-fold8.html;2026-08-29;vodafone--samsung-galaxy-z-fold8-256gb-grau;samsung-galaxy-z-fold8-256gb-grau
Vodafone;netzbetreiber;Samsung;Galaxy Z Fold8;256;violett;neu;1999,90;ohne Vertrag;;lieferbar;https://www.vodafone.de/privat/handys/samsung-galaxy-z-fold8.html;2026-08-29;vodafone--samsung-galaxy-z-fold8-256gb-violett;samsung-galaxy-z-fold8-256gb-violett
Vodafone;netzbetreiber;Samsung;Galaxy Z Fold8;512;Cream;neu;2199,90;ohne Vertrag;;lieferbar;https://www.vodafone.de/privat/handys/samsung-galaxy-z-fold8.html;2026-08-29;vodafone--samsung-galaxy-z-fold8-512gb-cream;samsung-galaxy-z-fold8-512gb-cream
Vodafone;netzbetreiber;Samsung;Galaxy Z Fold8;512;grau;neu;2199,90;ohne Vertrag;;lieferbar;https://www.vodafone.de/privat/handys/samsung-galaxy-z-fold8.html;2026-08-29;vodafone--samsung-galaxy-z-fold8-512gb-grau;samsung-galaxy-z-fold8-512gb-grau
Vodafone;netzbetreiber;Samsung;Galaxy Z Fold8;512;violett;neu;2199,90;ohne Vertrag;;lieferbar;https://www.vodafone.de/privat/handys/samsung-galaxy-z-fold8.html;2026-08-29;vodafone--samsung-galaxy-z-fold8-512gb-violett;samsung-galaxy-z-fold8-512gb-violett
Vodafone;netzbetreiber;Samsung;Galaxy Z Fold8 Ultra;256;Cream;neu;2199,90;ohne Vertrag;;lieferbar;https://www.vodafone.de/privat/handys/samsung-galaxy-z-fold8-ultra.html;2026-08-29;vodafone--samsung-galaxy-z-fold8-ultra-256gb-cream;samsung-galaxy-z-fold8-ultra-256gb-cream
Vodafone;netzbetreiber;Samsung;Galaxy Z Fold8 Ultra;256;grau;neu;2199,90;ohne Vertrag;;lieferbar;https://www.vodafone.de/privat/handys/samsung-galaxy-z-fold8-ultra.html;2026-08-29;vodafone--samsung-galaxy-z-fold8-ultra-256gb-grau;samsung-galaxy-z-fold8-ultra-256gb-grau
Vodafone;netzbetreiber;Samsung;Galaxy Z Fold8 Ultra;256;Violet Shadow;neu;2199,90;ohne Vertrag;;lieferbar;https://www.vodafone.de/privat/handys/samsung-galaxy-z-fold8-ultra.html;2026-08-29;vodafone--samsung-galaxy-z-fold8-ultra-256gb-violet-shadow;samsung-galaxy-z-fold8-ultra-256gb-violet-shadow
Vodafone;netzbetreiber;Samsung;Galaxy Z Fold8 Ultra;512;Cream;neu;2399,90;ohne Vertrag;;lieferbar;https://www.vodafone.de/privat/handys/samsung-galaxy-z-fold8-ultra.html;2026-08-29;vodafone--samsung-galaxy-z-fold8-ultra-512gb-cream;samsung-galaxy-z-fold8-ultra-512gb-cream
Vodafone;netzbetreiber;Samsung;Galaxy Z Fold8 Ultra;512;grau;neu;2399,90;ohne Vertrag;;lieferbar;https://www.vodafone.de/privat/handys/samsung-galaxy-z-fold8-ultra.html;2026-08-29;vodafone--samsung-galaxy-z-fold8-ultra-512gb-grau;samsung-galaxy-z-fold8-ultra-512gb-grau
Vodafone;netzbetreiber;Samsung;Galaxy Z Fold8 Ultra;512;Violet Shadow;neu;2399,90;ohne Vertrag;;lieferbar;https://www.vodafone.de/privat/handys/samsung-galaxy-z-fold8-ultra.html;2026-08-29;vodafone--samsung-galaxy-z-fold8-ultra-512gb-violet-shadow;samsung-galaxy-z-fold8-ultra-512gb-violet-shadow
Vodafone;netzbetreiber;Xiaomi;Xiaomi 17;512;schwarz;neu;1029,90;ohne Vertrag;;lieferbar;https://www.vodafone.de/privat/handys/xiaomi-17.html;2026-08-29;vodafone--xiaomi-17-512gb-schwarz;xiaomi-17-512gb-schwarz
Vodafone;netzbetreiber;Xiaomi;Xiaomi 17 Ultra;512;schwarz;neu;1499,90;ohne Vertrag;;lieferbar;https://www.vodafone.de/privat/handys/xiaomi-17-ultra.html;2026-08-29;vodafone--xiaomi-17-ultra-512gb-schwarz;xiaomi-17-ultra-512gb-schwarz
Vodafone;netzbetreiber;Xiaomi;Xiaomi 17T;256;schwarz;neu;749,90;ohne Vertrag;;lieferbar;https://www.vodafone.de/privat/handys/xiaomi-17t.html;2026-08-29;vodafone--xiaomi-17t-256gb-schwarz;xiaomi-17t-256gb-schwarz
Vodafone;netzbetreiber;Xiaomi;Xiaomi 17T Pro;512;Deep Blue;neu;999,90;ohne Vertrag;;lieferbar;https://www.vodafone.de/privat/handys/xiaomi-17t-pro.html;2026-08-29;vodafone--xiaomi-17t-pro-512gb-deep-blue;xiaomi-17t-pro-512gb-deep-blue
Vodafone;netzbetreiber;Xiaomi;Xiaomi 17T Pro;512;schwarz;neu;999,90;ohne Vertrag;;lieferbar;https://www.vodafone.de/privat/handys/xiaomi-17t-pro.html;2026-08-29;vodafone--xiaomi-17t-pro-512gb-schwarz;xiaomi-17t-pro-512gb-schwarz
Vodafone;netzbetreiber;Xiaomi;Redmi 17;128;Deep Blue;neu;249,90;ohne Vertrag;;lieferbar;https://www.vodafone.de/privat/handys/xiaomi-redmi-17-5g.html;2026-08-29;vodafone--xiaomi-redmi-17-128gb-deep-blue;xiaomi-redmi-17-128gb-deep-blue
Vodafone;netzbetreiber;Xiaomi;Redmi 17;128;schwarz;neu;249,90;ohne Vertrag;;lieferbar;https://www.vodafone.de/privat/handys/xiaomi-redmi-17-5g.html;2026-08-29;vodafone--xiaomi-redmi-17-128gb-schwarz;xiaomi-redmi-17-128gb-schwarz
Vodafone;netzbetreiber;Xiaomi;Redmi Note 15;256;blau;neu;279,90;ohne Vertrag;;lieferbar;https://www.vodafone.de/privat/handys/xiaomi-redmi-note-15-5g.html;2026-08-29;vodafone--xiaomi-redmi-note-15-256gb-blau;xiaomi-redmi-note-15-256gb-blau
Vodafone;netzbetreiber;Xiaomi;Redmi Note 15 Pro;256;schwarz;neu;329,90;ohne Vertrag;;lieferbar;https://www.vodafone.de/privat/handys/xiaomi-redmi-note-15-pro-5g.html;2026-08-29;vodafone--xiaomi-redmi-note-15-pro-256gb-schwarz;xiaomi-redmi-note-15-pro-256gb-schwarz
Vodafone;netzbetreiber;Xiaomi;Redmi Note 17;128;schwarz;neu;349,90;ohne Vertrag;;lieferbar;https://www.vodafone.de/privat/handys/xiaomi-redmi-note-17-5g.html;2026-08-29;vodafone--xiaomi-redmi-note-17-128gb-schwarz;xiaomi-redmi-note-17-128gb-schwarz
Vodafone;netzbetreiber;Xiaomi;Redmi Note 17 Pro;256;schwarz;neu;499,90;ohne Vertrag;;lieferbar;https://www.vodafone.de/privat/handys/xiaomi-redmi-note-17-pro-5g.html;2026-08-29;vodafone--xiaomi-redmi-note-17-pro-256gb-schwarz;xiaomi-redmi-note-17-pro-256gb-schwarz
Vodafone;netzbetreiber;Xiaomi;Redmi Note 17 Pro;256;Sky Blue;neu;499,90;ohne Vertrag;;lieferbar;https://www.vodafone.de/privat/handys/xiaomi-redmi-note-17-pro-5g.html;2026-08-29;vodafone--xiaomi-redmi-note-17-pro-256gb-sky-blue;xiaomi-redmi-note-17-pro-256gb-sky-blue
mobilcom-debitel;handel;Apple;iPhone 16e;128;schwarz;neu;599,00;ohne Vertrag;;lieferbar;https://www.freenet.de/handys-smartphones/p/P-M-3925066?ds=P-4038730;2026-08-29;mobilcom-debitel--apple-iphone-16e-128gb-schwarz;apple-iphone-16e-128gb-schwarz
mobilcom-debitel;handel;Apple;iPhone 16e;128;weiss;neu;599,00;ohne Vertrag;;lieferbar;https://www.freenet.de/handys-smartphones/p/P-M-3925066?ds=P-4038739;2026-08-29;mobilcom-debitel--apple-iphone-16e-128gb-weiss;apple-iphone-16e-128gb-weiss
mobilcom-debitel;handel;Apple;iPhone 16e;256;schwarz;neu;829,00;ohne Vertrag;;lieferbar;https://www.freenet.de/handys-smartphones/p/P-M-3925066?ds=P-4038742;2026-08-29;mobilcom-debitel--apple-iphone-16e-256gb-schwarz;apple-iphone-16e-256gb-schwarz
mobilcom-debitel;handel;Apple;iPhone 16e;256;weiss;neu;829,00;ohne Vertrag;;lieferbar;https://www.freenet.de/handys-smartphones/p/P-M-3925066?ds=P-4038751;2026-08-29;mobilcom-debitel--apple-iphone-16e-256gb-weiss;apple-iphone-16e-256gb-weiss
mobilcom-debitel;handel;Apple;iPhone 16e;512;schwarz;neu;1079,00;ohne Vertrag;;lieferbar;https://www.freenet.de/handys-smartphones/p/P-M-3925066?ds=P-4038754;2026-08-29;mobilcom-debitel--apple-iphone-16e-512gb-schwarz;apple-iphone-16e-512gb-schwarz
mobilcom-debitel;handel;Apple;iPhone 16e;512;weiss;neu;1079,00;ohne Vertrag;;lieferbar;https://www.freenet.de/handys-smartphones/p/P-M-3925066?ds=P-4038763;2026-08-29;mobilcom-debitel--apple-iphone-16e-512gb-weiss;apple-iphone-16e-512gb-weiss
mobilcom-debitel;handel;Apple;iPhone 17;256;gruen;neu;949,00;ohne Vertrag;;lieferbar;https://www.freenet.de/handys-smartphones/p/P-M-4234655?ds=P-4356761;2026-08-29;mobilcom-debitel--apple-iphone-17-256gb-gruen;apple-iphone-17-256gb-gruen
mobilcom-debitel;handel;Apple;iPhone 17;256;Nebelblau;neu;949,00;ohne Vertrag;;lieferbar;https://www.freenet.de/handys-smartphones/p/P-M-4234655?ds=P-4356755;2026-08-29;mobilcom-debitel--apple-iphone-17-256gb-nebelblau;apple-iphone-17-256gb-nebelblau
mobilcom-debitel;handel;Apple;iPhone 17;256;schwarz;neu;949,00;ohne Vertrag;;lieferbar;https://www.freenet.de/handys-smartphones/p/P-M-4234655?ds=P-4356749;2026-08-29;mobilcom-debitel--apple-iphone-17-256gb-schwarz;apple-iphone-17-256gb-schwarz
mobilcom-debitel;handel;Apple;iPhone 17;256;violett;neu;949,00;ohne Vertrag;;lieferbar;https://www.freenet.de/handys-smartphones/p/P-M-4234655?ds=P-4356758;2026-08-29;mobilcom-debitel--apple-iphone-17-256gb-violett;apple-iphone-17-256gb-violett
mobilcom-debitel;handel;Apple;iPhone 17;256;weiss;neu;949,00;ohne Vertrag;;lieferbar;https://www.freenet.de/handys-smartphones/p/P-M-4234655?ds=P-4356752;2026-08-29;mobilcom-debitel--apple-iphone-17-256gb-weiss;apple-iphone-17-256gb-weiss
mobilcom-debitel;handel;Apple;iPhone 17;512;gruen;neu;1199,00;ohne Vertrag;;lieferbar;https://www.freenet.de/handys-smartphones/p/P-M-4234655?ds=P-4356776;2026-08-29;mobilcom-debitel--apple-iphone-17-512gb-gruen;apple-iphone-17-512gb-gruen
mobilcom-debitel;handel;Apple;iPhone 17;512;Nebelblau;neu;1199,00;ohne Vertrag;;lieferbar;https://www.freenet.de/handys-smartphones/p/P-M-4234655?ds=P-4356770;2026-08-29;mobilcom-debitel--apple-iphone-17-512gb-nebelblau;apple-iphone-17-512gb-nebelblau
mobilcom-debitel;handel;Apple;iPhone 17;512;schwarz;neu;1199,00;ohne Vertrag;;lieferbar;https://www.freenet.de/handys-smartphones/p/P-M-4234655?ds=P-4356764;2026-08-29;mobilcom-debitel--apple-iphone-17-512gb-schwarz;apple-iphone-17-512gb-schwarz
mobilcom-debitel;handel;Apple;iPhone 17;512;violett;neu;1199,00;ohne Vertrag;;lieferbar;https://www.freenet.de/handys-smartphones/p/P-M-4234655?ds=P-4356773;2026-08-29;mobilcom-debitel--apple-iphone-17-512gb-violett;apple-iphone-17-512gb-violett
mobilcom-debitel;handel;Apple;iPhone 17;512;weiss;neu;1199,00;ohne Vertrag;;lieferbar;https://www.freenet.de/handys-smartphones/p/P-M-4234655?ds=P-4356767;2026-08-29;mobilcom-debitel--apple-iphone-17-512gb-weiss;apple-iphone-17-512gb-weiss
mobilcom-debitel;handel;Apple;iPhone 17 Pro;256;Cosmic Orange;neu;1299,00;ohne Vertrag;;lieferbar;https://www.freenet.de/handys-smartphones/p/P-M-4234664?ds=P-4356818;2026-08-29;mobilcom-debitel--apple-iphone-17-pro-256gb-cosmic-orange;apple-iphone-17-pro-256gb-cosmic-orange
mobilcom-debitel;handel;Apple;iPhone 17 Pro;256;silber;neu;1299,00;ohne Vertrag;;lieferbar;https://www.freenet.de/handys-smartphones/p/P-M-4234664?ds=P-4356815;2026-08-29;mobilcom-debitel--apple-iphone-17-pro-256gb-silber;apple-iphone-17-pro-256gb-silber
mobilcom-debitel;handel;Apple;iPhone 17 Pro;256;Tiefblau;neu;1299,00;ohne Vertrag;;lieferbar;https://www.freenet.de/handys-smartphones/p/P-M-4234664?ds=P-4356821;2026-08-29;mobilcom-debitel--apple-iphone-17-pro-256gb-tiefblau;apple-iphone-17-pro-256gb-tiefblau
mobilcom-debitel;handel;Apple;iPhone 17 Pro;512;Cosmic Orange;neu;1549,00;ohne Vertrag;;lieferbar;https://www.freenet.de/handys-smartphones/p/P-M-4234664?ds=P-4356827;2026-08-29;mobilcom-debitel--apple-iphone-17-pro-512gb-cosmic-orange;apple-iphone-17-pro-512gb-cosmic-orange
mobilcom-debitel;handel;Apple;iPhone 17 Pro;512;silber;neu;1549,00;ohne Vertrag;;lieferbar;https://www.freenet.de/handys-smartphones/p/P-M-4234664?ds=P-4356824;2026-08-29;mobilcom-debitel--apple-iphone-17-pro-512gb-silber;apple-iphone-17-pro-512gb-silber
mobilcom-debitel;handel;Apple;iPhone 17 Pro;512;Tiefblau;neu;1549,00;ohne Vertrag;;lieferbar;https://www.freenet.de/handys-smartphones/p/P-M-4234664?ds=P-4356830;2026-08-29;mobilcom-debitel--apple-iphone-17-pro-512gb-tiefblau;apple-iphone-17-pro-512gb-tiefblau
mobilcom-debitel;handel;Apple;iPhone 17 Pro;1024;Cosmic Orange;neu;1799,00;ohne Vertrag;;lieferbar;https://www.freenet.de/handys-smartphones/p/P-M-4234664?ds=P-4356836;2026-08-29;mobilcom-debitel--apple-iphone-17-pro-1024gb-cosmic-orange;apple-iphone-17-pro-1024gb-cosmic-orange
mobilcom-debitel;handel;Apple;iPhone 17 Pro;1024;silber;neu;1799,00;ohne Vertrag;;lieferbar;https://www.freenet.de/handys-smartphones/p/P-M-4234664?ds=P-4356833;2026-08-29;mobilcom-debitel--apple-iphone-17-pro-1024gb-silber;apple-iphone-17-pro-1024gb-silber
mobilcom-debitel;handel;Apple;iPhone 17 Pro;1024;Tiefblau;neu;1799,00;ohne Vertrag;;lieferbar;https://www.freenet.de/handys-smartphones/p/P-M-4234664?ds=P-4356839;2026-08-29;mobilcom-debitel--apple-iphone-17-pro-1024gb-tiefblau;apple-iphone-17-pro-1024gb-tiefblau
mobilcom-debitel;handel;Apple;iPhone 17 Pro Max;256;Cosmic Orange;neu;1449,00;ohne Vertrag;;lieferbar;https://www.freenet.de/handys-smartphones/p/P-M-4234679?ds=P-4356845;2026-08-29;mobilcom-debitel--apple-iphone-17-pro-max-256gb-cosmic-orange;apple-iphone-17-pro-max-256gb-cosmic-orange
mobilcom-debitel;handel;Apple;iPhone 17 Pro Max;256;silber;neu;1449,00;ohne Vertrag;;lieferbar;https://www.freenet.de/handys-smartphones/p/P-M-4234679?ds=P-4356842;2026-08-29;mobilcom-debitel--apple-iphone-17-pro-max-256gb-silber;apple-iphone-17-pro-max-256gb-silber
mobilcom-debitel;handel;Apple;iPhone 17 Pro Max;256;Tiefblau;neu;1449,00;ohne Vertrag;;lieferbar;https://www.freenet.de/handys-smartphones/p/P-M-4234679?ds=P-4356848;2026-08-29;mobilcom-debitel--apple-iphone-17-pro-max-256gb-tiefblau;apple-iphone-17-pro-max-256gb-tiefblau
mobilcom-debitel;handel;Apple;iPhone 17 Pro Max;512;Cosmic Orange;neu;1699,00;ohne Vertrag;;lieferbar;https://www.freenet.de/handys-smartphones/p/P-M-4234679?ds=P-4356854;2026-08-29;mobilcom-debitel--apple-iphone-17-pro-max-512gb-cosmic-orange;apple-iphone-17-pro-max-512gb-cosmic-orange
mobilcom-debitel;handel;Apple;iPhone 17 Pro Max;512;silber;neu;1699,00;ohne Vertrag;;lieferbar;https://www.freenet.de/handys-smartphones/p/P-M-4234679?ds=P-4356851;2026-08-29;mobilcom-debitel--apple-iphone-17-pro-max-512gb-silber;apple-iphone-17-pro-max-512gb-silber
mobilcom-debitel;handel;Apple;iPhone 17 Pro Max;512;Tiefblau;neu;1699,00;ohne Vertrag;;lieferbar;https://www.freenet.de/handys-smartphones/p/P-M-4234679?ds=P-4356857;2026-08-29;mobilcom-debitel--apple-iphone-17-pro-max-512gb-tiefblau;apple-iphone-17-pro-max-512gb-tiefblau
mobilcom-debitel;handel;Apple;iPhone 17 Pro Max;1024;Cosmic Orange;neu;1949,00;ohne Vertrag;;lieferbar;https://www.freenet.de/handys-smartphones/p/P-M-4234679?ds=P-4356863;2026-08-29;mobilcom-debitel--apple-iphone-17-pro-max-1024gb-cosmic-orange;apple-iphone-17-pro-max-1024gb-cosmic-orange
mobilcom-debitel;handel;Apple;iPhone 17 Pro Max;1024;silber;neu;1949,00;ohne Vertrag;;lieferbar;https://www.freenet.de/handys-smartphones/p/P-M-4234679?ds=P-4356860;2026-08-29;mobilcom-debitel--apple-iphone-17-pro-max-1024gb-silber;apple-iphone-17-pro-max-1024gb-silber
mobilcom-debitel;handel;Apple;iPhone 17 Pro Max;1024;Tiefblau;neu;1949,00;ohne Vertrag;;lieferbar;https://www.freenet.de/handys-smartphones/p/P-M-4234679?ds=P-4356866;2026-08-29;mobilcom-debitel--apple-iphone-17-pro-max-1024gb-tiefblau;apple-iphone-17-pro-max-1024gb-tiefblau
mobilcom-debitel;handel;Apple;iPhone 17 Pro Max;2048;Cosmic Orange;neu;2449,00;ohne Vertrag;;lieferbar;https://www.freenet.de/handys-smartphones/p/P-M-4234679?ds=P-4356872;2026-08-29;mobilcom-debitel--apple-iphone-17-pro-max-2048gb-cosmic-orange;apple-iphone-17-pro-max-2048gb-cosmic-orange
mobilcom-debitel;handel;Apple;iPhone 17 Pro Max;2048;silber;neu;2449,00;ohne Vertrag;;lieferbar;https://www.freenet.de/handys-smartphones/p/P-M-4234679?ds=P-4356869;2026-08-29;mobilcom-debitel--apple-iphone-17-pro-max-2048gb-silber;apple-iphone-17-pro-max-2048gb-silber
mobilcom-debitel;handel;Apple;iPhone 17 Pro Max;2048;Tiefblau;neu;2449,00;ohne Vertrag;;lieferbar;https://www.freenet.de/handys-smartphones/p/P-M-4234679?ds=P-4356875;2026-08-29;mobilcom-debitel--apple-iphone-17-pro-max-2048gb-tiefblau;apple-iphone-17-pro-max-2048gb-tiefblau
mobilcom-debitel;handel;Apple;iPhone 17e;256;Hellrosa;neu;699,00;ohne Vertrag;;lieferbar;https://www.freenet.de/handys-smartphones/p/P-M-4506544?ds=P-4630240;2026-08-29;mobilcom-debitel--apple-iphone-17e-256gb-hellrosa;apple-iphone-17e-256gb-hellrosa
mobilcom-debitel;handel;Apple;iPhone 17e;256;schwarz;neu;699,00;ohne Vertrag;;lieferbar;https://www.freenet.de/handys-smartphones/p/P-M-4506544?ds=P-4630234;2026-08-29;mobilcom-debitel--apple-iphone-17e-256gb-schwarz;apple-iphone-17e-256gb-schwarz
mobilcom-debitel;handel;Apple;iPhone 17e;256;weiss;neu;699,00;ohne Vertrag;;lieferbar;https://www.freenet.de/handys-smartphones/p/P-M-4506544?ds=P-4630237;2026-08-29;mobilcom-debitel--apple-iphone-17e-256gb-weiss;apple-iphone-17e-256gb-weiss
mobilcom-debitel;handel;Apple;iPhone 17e;512;Hellrosa;neu;949,00;ohne Vertrag;;lieferbar;https://www.freenet.de/handys-smartphones/p/P-M-4506544?ds=P-4630249;2026-08-29;mobilcom-debitel--apple-iphone-17e-512gb-hellrosa;apple-iphone-17e-512gb-hellrosa
mobilcom-debitel;handel;Apple;iPhone 17e;512;schwarz;neu;949,00;ohne Vertrag;;lieferbar;https://www.freenet.de/handys-smartphones/p/P-M-4506544?ds=P-4630243;2026-08-29;mobilcom-debitel--apple-iphone-17e-512gb-schwarz;apple-iphone-17e-512gb-schwarz
mobilcom-debitel;handel;Apple;iPhone 17e;512;weiss;neu;949,00;ohne Vertrag;;lieferbar;https://www.freenet.de/handys-smartphones/p/P-M-4506544?ds=P-4630246;2026-08-29;mobilcom-debitel--apple-iphone-17e-512gb-weiss;apple-iphone-17e-512gb-weiss
mobilcom-debitel;handel;Apple;iPhone Air;256;Himmelblau;neu;1199,00;ohne Vertrag;;lieferbar;https://www.freenet.de/handys-smartphones/p/P-M-4234658?ds=P-4356788;2026-08-29;mobilcom-debitel--apple-iphone-air-256gb-himmelblau;apple-iphone-air-256gb-himmelblau
mobilcom-debitel;handel;Apple;iPhone Air;256;Lichtgold;neu;1199,00;ohne Vertrag;;lieferbar;https://www.freenet.de/handys-smartphones/p/P-M-4234658?ds=P-4356785;2026-08-29;mobilcom-debitel--apple-iphone-air-256gb-lichtgold;apple-iphone-air-256gb-lichtgold
mobilcom-debitel;handel;Apple;iPhone Air;256;schwarz;neu;1199,00;ohne Vertrag;;lieferbar;https://www.freenet.de/handys-smartphones/p/P-M-4234658?ds=P-4356779;2026-08-29;mobilcom-debitel--apple-iphone-air-256gb-schwarz;apple-iphone-air-256gb-schwarz
mobilcom-debitel;handel;Apple;iPhone Air;256;Wolkenweiß;neu;1199,00;ohne Vertrag;;lieferbar;https://www.freenet.de/handys-smartphones/p/P-M-4234658?ds=P-4356782;2026-08-29;mobilcom-debitel--apple-iphone-air-256gb-wolkenweiss;apple-iphone-air-256gb-wolkenweiss
mobilcom-debitel;handel;Apple;iPhone Air;512;Himmelblau;neu;1449,00;ohne Vertrag;;lieferbar;https://www.freenet.de/handys-smartphones/p/P-M-4234658?ds=P-4356800;2026-08-29;mobilcom-debitel--apple-iphone-air-512gb-himmelblau;apple-iphone-air-512gb-himmelblau
mobilcom-debitel;handel;Apple;iPhone Air;512;Lichtgold;neu;1449,00;ohne Vertrag;;lieferbar;https://www.freenet.de/handys-smartphones/p/P-M-4234658?ds=P-4356797;2026-08-29;mobilcom-debitel--apple-iphone-air-512gb-lichtgold;apple-iphone-air-512gb-lichtgold
mobilcom-debitel;handel;Apple;iPhone Air;512;schwarz;neu;1449,00;ohne Vertrag;;lieferbar;https://www.freenet.de/handys-smartphones/p/P-M-4234658?ds=P-4356791;2026-08-29;mobilcom-debitel--apple-iphone-air-512gb-schwarz;apple-iphone-air-512gb-schwarz
mobilcom-debitel;handel;Apple;iPhone Air;512;Wolkenweiß;neu;1449,00;ohne Vertrag;;lieferbar;https://www.freenet.de/handys-smartphones/p/P-M-4234658?ds=P-4356794;2026-08-29;mobilcom-debitel--apple-iphone-air-512gb-wolkenweiss;apple-iphone-air-512gb-wolkenweiss
mobilcom-debitel;handel;Apple;iPhone Air;1024;Himmelblau;neu;1699,00;ohne Vertrag;;lieferbar;https://www.freenet.de/handys-smartphones/p/P-M-4234658?ds=P-4356812;2026-08-29;mobilcom-debitel--apple-iphone-air-1024gb-himmelblau;apple-iphone-air-1024gb-himmelblau
mobilcom-debitel;handel;Apple;iPhone Air;1024;Lichtgold;neu;1699,00;ohne Vertrag;;lieferbar;https://www.freenet.de/handys-smartphones/p/P-M-4234658?ds=P-4356809;2026-08-29;mobilcom-debitel--apple-iphone-air-1024gb-lichtgold;apple-iphone-air-1024gb-lichtgold
mobilcom-debitel;handel;Apple;iPhone Air;1024;schwarz;neu;1699,00;ohne Vertrag;;lieferbar;https://www.freenet.de/handys-smartphones/p/P-M-4234658?ds=P-4356803;2026-08-29;mobilcom-debitel--apple-iphone-air-1024gb-schwarz;apple-iphone-air-1024gb-schwarz
mobilcom-debitel;handel;Apple;iPhone Air;1024;Wolkenweiß;neu;1699,00;ohne Vertrag;;lieferbar;https://www.freenet.de/handys-smartphones/p/P-M-4234658?ds=P-4356806;2026-08-29;mobilcom-debitel--apple-iphone-air-1024gb-wolkenweiss;apple-iphone-air-1024gb-wolkenweiss
mobilcom-debitel;handel;Fairphone;Fairphone 6;256;Forest Green;neu;599,00;ohne Vertrag;;lieferbar;https://www.freenet.de/handys-smartphones/p/P-M-4084368?ds=P-4204710;2026-08-29;mobilcom-debitel--fairphone-6-256gb-forest-green;fairphone-6-256gb-forest-green
mobilcom-debitel;handel;Fairphone;Fairphone 6;256;Horizon Black;neu;599,00;ohne Vertrag;;lieferbar;https://www.freenet.de/handys-smartphones/p/P-M-4084368?ds=P-4204713;2026-08-29;mobilcom-debitel--fairphone-6-256gb-horizon-black;fairphone-6-256gb-horizon-black
mobilcom-debitel;handel;Fairphone;Fairphone 6;256;weiss;neu;599,00;ohne Vertrag;;lieferbar;https://www.freenet.de/handys-smartphones/p/P-M-4084368?ds=P-4204707;2026-08-29;mobilcom-debitel--fairphone-6-256gb-weiss;fairphone-6-256gb-weiss
mobilcom-debitel;handel;Google;Pixel 10;128;Frost;neu;899,00;ohne Vertrag;;lieferbar;https://www.freenet.de/handys-smartphones/p/P-M-4206117?ds=P-4292922;2026-08-29;mobilcom-debitel--google-pixel-10-128gb-frost;google-pixel-10-128gb-frost
mobilcom-debitel;handel;Google;Pixel 10;128;Indigo;neu;899,00;ohne Vertrag;;lieferbar;https://www.freenet.de/handys-smartphones/p/P-M-4206117?ds=P-4292928;2026-08-29;mobilcom-debitel--google-pixel-10-128gb-indigo;google-pixel-10-128gb-indigo
mobilcom-debitel;handel;Google;Pixel 10;128;Lemongrass;neu;899,00;ohne Vertrag;;lieferbar;https://www.freenet.de/handys-smartphones/p/P-M-4206117?ds=P-4292925;2026-08-29;mobilcom-debitel--google-pixel-10-128gb-lemongrass;google-pixel-10-128gb-lemongrass
mobilcom-debitel;handel;Google;Pixel 10;128;schwarz;neu;899,00;ohne Vertrag;;lieferbar;https://www.freenet.de/handys-smartphones/p/P-M-4206117?ds=P-4292919;2026-08-29;mobilcom-debitel--google-pixel-10-128gb-schwarz;google-pixel-10-128gb-schwarz
mobilcom-debitel;handel;Google;Pixel 10;256;Frost;neu;999,00;ohne Vertrag;;lieferbar;https://www.freenet.de/handys-smartphones/p/P-M-4206117?ds=P-4292934;2026-08-29;mobilcom-debitel--google-pixel-10-256gb-frost;google-pixel-10-256gb-frost
mobilcom-debitel;handel;Google;Pixel 10;256;Indigo;neu;999,00;ohne Vertrag;;lieferbar;https://www.freenet.de/handys-smartphones/p/P-M-4206117?ds=P-4292940;2026-08-29;mobilcom-debitel--google-pixel-10-256gb-indigo;google-pixel-10-256gb-indigo
mobilcom-debitel;handel;Google;Pixel 10;256;Lemongrass;neu;999,00;ohne Vertrag;;lieferbar;https://www.freenet.de/handys-smartphones/p/P-M-4206117?ds=P-4292937;2026-08-29;mobilcom-debitel--google-pixel-10-256gb-lemongrass;google-pixel-10-256gb-lemongrass
mobilcom-debitel;handel;Google;Pixel 10;256;schwarz;neu;999,00;ohne Vertrag;;lieferbar;https://www.freenet.de/handys-smartphones/p/P-M-4206117?ds=P-4292931;2026-08-29;mobilcom-debitel--google-pixel-10-256gb-schwarz;google-pixel-10-256gb-schwarz
mobilcom-debitel;handel;Google;Pixel 10 Pro;128;Moonstone;neu;1099,00;ohne Vertrag;;lieferbar;https://www.freenet.de/handys-smartphones/p/P-M-4206120?ds=P-4292949;2026-08-29;mobilcom-debitel--google-pixel-10-pro-128gb-moonstone;google-pixel-10-pro-128gb-moonstone
mobilcom-debitel;handel;Google;Pixel 10 Pro;128;schwarz;neu;1099,00;ohne Vertrag;;lieferbar;https://www.freenet.de/handys-smartphones/p/P-M-4206120?ds=P-4292943;2026-08-29;mobilcom-debitel--google-pixel-10-pro-128gb-schwarz;google-pixel-10-pro-128gb-schwarz
mobilcom-debitel;handel;Google;Pixel 10 Pro;128;weiss;neu;1099,00;ohne Vertrag;;lieferbar;https://www.freenet.de/handys-smartphones/p/P-M-4206120?ds=P-4292946;2026-08-29;mobilcom-debitel--google-pixel-10-pro-128gb-weiss;google-pixel-10-pro-128gb-weiss
mobilcom-debitel;handel;Google;Pixel 10 Pro;256;Jade;neu;1199,00;ohne Vertrag;;lieferbar;https://www.freenet.de/handys-smartphones/p/P-M-4206120?ds=P-4292961;2026-08-29;mobilcom-debitel--google-pixel-10-pro-256gb-jade;google-pixel-10-pro-256gb-jade
mobilcom-debitel;handel;Google;Pixel 10 Pro;256;Moonstone;neu;1199,00;ohne Vertrag;;lieferbar;https://www.freenet.de/handys-smartphones/p/P-M-4206120?ds=P-4292958;2026-08-29;mobilcom-debitel--google-pixel-10-pro-256gb-moonstone;google-pixel-10-pro-256gb-moonstone
mobilcom-debitel;handel;Google;Pixel 10 Pro;256;schwarz;neu;1199,00;ohne Vertrag;;lieferbar;https://www.freenet.de/handys-smartphones/p/P-M-4206120?ds=P-4292952;2026-08-29;mobilcom-debitel--google-pixel-10-pro-256gb-schwarz;google-pixel-10-pro-256gb-schwarz
mobilcom-debitel;handel;Google;Pixel 10 Pro;256;weiss;neu;1199,00;ohne Vertrag;;lieferbar;https://www.freenet.de/handys-smartphones/p/P-M-4206120?ds=P-4292955;2026-08-29;mobilcom-debitel--google-pixel-10-pro-256gb-weiss;google-pixel-10-pro-256gb-weiss
mobilcom-debitel;handel;Google;Pixel 10 Pro XL;256;Jade;neu;1299,00;ohne Vertrag;;lieferbar;https://www.freenet.de/handys-smartphones/p/P-M-4206126?ds=P-4292982;2026-08-14;mobilcom-debitel--google-pixel-10-pro-xl-256gb-jade;google-pixel-10-pro-xl-256gb-jade
mobilcom-debitel;handel;Google;Pixel 10 Pro XL;256;Moonstone;neu;1299,00;ohne Vertrag;;lieferbar;https://www.freenet.de/handys-smartphones/p/P-M-4206126?ds=P-4292979;2026-08-14;mobilcom-debitel--google-pixel-10-pro-xl-256gb-moonstone;google-pixel-10-pro-xl-256gb-moonstone
mobilcom-debitel;handel;Google;Pixel 10 Pro XL;256;schwarz;neu;1299,00;ohne Vertrag;;lieferbar;https://www.freenet.de/handys-smartphones/p/P-M-4206126?ds=P-4292973;2026-08-14;mobilcom-debitel--google-pixel-10-pro-xl-256gb-schwarz;google-pixel-10-pro-xl-256gb-schwarz
mobilcom-debitel;handel;Google;Pixel 10 Pro XL;256;weiss;neu;1299,00;ohne Vertrag;;lieferbar;https://www.freenet.de/handys-smartphones/p/P-M-4206126?ds=P-4292976;2026-08-14;mobilcom-debitel--google-pixel-10-pro-xl-256gb-weiss;google-pixel-10-pro-xl-256gb-weiss
mobilcom-debitel;handel;Google;Pixel 10 Pro XL;512;Moonstone;neu;1429,00;ohne Vertrag;;lieferbar;https://www.freenet.de/handys-smartphones/p/P-M-4206126?ds=P-4292991;2026-08-14;mobilcom-debitel--google-pixel-10-pro-xl-512gb-moonstone;google-pixel-10-pro-xl-512gb-moonstone
mobilcom-debitel;handel;Google;Pixel 10 Pro XL;512;schwarz;neu;1429,00;ohne Vertrag;;lieferbar;https://www.freenet.de/handys-smartphones/p/P-M-4206126?ds=P-4292985;2026-08-14;mobilcom-debitel--google-pixel-10-pro-xl-512gb-schwarz;google-pixel-10-pro-xl-512gb-schwarz
mobilcom-debitel;handel;Google;Pixel 10 Pro XL;512;weiss;neu;1429,00;ohne Vertrag;;lieferbar;https://www.freenet.de/handys-smartphones/p/P-M-4206126?ds=P-4292988;2026-08-14;mobilcom-debitel--google-pixel-10-pro-xl-512gb-weiss;google-pixel-10-pro-xl-512gb-weiss
mobilcom-debitel;handel;Google;Pixel 10a;128;Berry;neu;549,00;ohne Vertrag;;lieferbar;https://www.freenet.de/handys-smartphones/p/P-M-4466927?ds=P-4546066;2026-08-29;mobilcom-debitel--google-pixel-10a-128gb-berry;google-pixel-10a-128gb-berry
mobilcom-debitel;handel;Google;Pixel 10a;128;Fog;neu;549,00;ohne Vertrag;;lieferbar;https://www.freenet.de/handys-smartphones/p/P-M-4466927?ds=P-4546060;2026-08-29;mobilcom-debitel--google-pixel-10a-128gb-fog;google-pixel-10a-128gb-fog
mobilcom-debitel;handel;Google;Pixel 10a;128;schwarz;neu;549,00;ohne Vertrag;;lieferbar;https://www.freenet.de/handys-smartphones/p/P-M-4466927?ds=P-4546057;2026-08-29;mobilcom-debitel--google-pixel-10a-128gb-schwarz;google-pixel-10a-128gb-schwarz
mobilcom-debitel;handel;Google;Pixel 10a;128;violett;neu;549,00;ohne Vertrag;;lieferbar;https://www.freenet.de/handys-smartphones/p/P-M-4466927?ds=P-4546063;2026-08-29;mobilcom-debitel--google-pixel-10a-128gb-violett;google-pixel-10a-128gb-violett
mobilcom-debitel;handel;Google;Pixel 10a;256;Berry;neu;649,00;ohne Vertrag;;lieferbar;https://www.freenet.de/handys-smartphones/p/P-M-4466927?ds=P-4546078;2026-08-29;mobilcom-debitel--google-pixel-10a-256gb-berry;google-pixel-10a-256gb-berry
mobilcom-debitel;handel;Google;Pixel 10a;256;Fog;neu;649,00;ohne Vertrag;;lieferbar;https://www.freenet.de/handys-smartphones/p/P-M-4466927?ds=P-4546072;2026-08-29;mobilcom-debitel--google-pixel-10a-256gb-fog;google-pixel-10a-256gb-fog
mobilcom-debitel;handel;Google;Pixel 10a;256;schwarz;neu;649,00;ohne Vertrag;;lieferbar;https://www.freenet.de/handys-smartphones/p/P-M-4466927?ds=P-4546069;2026-08-29;mobilcom-debitel--google-pixel-10a-256gb-schwarz;google-pixel-10a-256gb-schwarz
mobilcom-debitel;handel;Google;Pixel 10a;256;violett;neu;649,00;ohne Vertrag;;lieferbar;https://www.freenet.de/handys-smartphones/p/P-M-4466927?ds=P-4546075;2026-08-29;mobilcom-debitel--google-pixel-10a-256gb-violett;google-pixel-10a-256gb-violett
mobilcom-debitel;handel;Samsung;Galaxy A17;128;blau;neu;229,00;ohne Vertrag;;lieferbar;https://www.freenet.de/handys-smartphones/p/P-M-4230290?ds=P-4294647;2026-08-29;mobilcom-debitel--samsung-galaxy-a17-128gb-blau;samsung-galaxy-a17-128gb-blau
mobilcom-debitel;handel;Samsung;Galaxy A17;128;grau;neu;229,00;ohne Vertrag;;lieferbar;https://www.freenet.de/handys-smartphones/p/P-M-4230290?ds=P-4294644;2026-08-29;mobilcom-debitel--samsung-galaxy-a17-128gb-grau;samsung-galaxy-a17-128gb-grau
mobilcom-debitel;handel;Samsung;Galaxy A17;128;schwarz;neu;229,00;ohne Vertrag;;lieferbar;https://www.freenet.de/handys-smartphones/p/P-M-4230290?ds=P-4294650;2026-08-29;mobilcom-debitel--samsung-galaxy-a17-128gb-schwarz;samsung-galaxy-a17-128gb-schwarz
mobilcom-debitel;handel;Samsung;Galaxy A37;128;Awesome Charcoal;neu;429,00;ohne Vertrag;;lieferbar;https://www.freenet.de/handys-smartphones/p/P-M-4511848?ds=P-4635130;2026-08-29;mobilcom-debitel--samsung-galaxy-a37-128gb-awesome-charcoal;samsung-galaxy-a37-128gb-awesome-charcoal
mobilcom-debitel;handel;Samsung;Galaxy A37;128;Awesome Graygreen;neu;429,00;ohne Vertrag;;lieferbar;https://www.freenet.de/handys-smartphones/p/P-M-4511848?ds=P-4635124;2026-08-29;mobilcom-debitel--samsung-galaxy-a37-128gb-awesome-graygreen;samsung-galaxy-a37-128gb-awesome-graygreen
mobilcom-debitel;handel;Samsung;Galaxy A37;128;Awesome Lavender;neu;429,00;ohne Vertrag;;lieferbar;https://www.freenet.de/handys-smartphones/p/P-M-4511848?ds=P-4635127;2026-08-29;mobilcom-debitel--samsung-galaxy-a37-128gb-awesome-lavender;samsung-galaxy-a37-128gb-awesome-lavender
mobilcom-debitel;handel;Samsung;Galaxy A37;128;Awesome White;neu;429,00;ohne Vertrag;;lieferbar;https://www.freenet.de/handys-smartphones/p/P-M-4511848?ds=P-4635133;2026-08-29;mobilcom-debitel--samsung-galaxy-a37-128gb-awesome-white;samsung-galaxy-a37-128gb-awesome-white
mobilcom-debitel;handel;Samsung;Galaxy A37;256;Awesome Charcoal;neu;519,00;ohne Vertrag;;lieferbar;https://www.freenet.de/handys-smartphones/p/P-M-4511848?ds=P-4635142;2026-08-29;mobilcom-debitel--samsung-galaxy-a37-256gb-awesome-charcoal;samsung-galaxy-a37-256gb-awesome-charcoal
mobilcom-debitel;handel;Samsung;Galaxy A37;256;Awesome Graygreen;neu;519,00;ohne Vertrag;;lieferbar;https://www.freenet.de/handys-smartphones/p/P-M-4511848?ds=P-4635136;2026-08-29;mobilcom-debitel--samsung-galaxy-a37-256gb-awesome-graygreen;samsung-galaxy-a37-256gb-awesome-graygreen
mobilcom-debitel;handel;Samsung;Galaxy A37;256;Awesome Lavender;neu;519,00;ohne Vertrag;;lieferbar;https://www.freenet.de/handys-smartphones/p/P-M-4511848?ds=P-4635139;2026-08-29;mobilcom-debitel--samsung-galaxy-a37-256gb-awesome-lavender;samsung-galaxy-a37-256gb-awesome-lavender
mobilcom-debitel;handel;Samsung;Galaxy A37;256;Awesome White;neu;519,00;ohne Vertrag;;lieferbar;https://www.freenet.de/handys-smartphones/p/P-M-4511848?ds=P-4635145;2026-08-29;mobilcom-debitel--samsung-galaxy-a37-256gb-awesome-white;samsung-galaxy-a37-256gb-awesome-white
mobilcom-debitel;handel;Samsung;Galaxy A57;128;Awesome Gray;neu;529,00;ohne Vertrag;;lieferbar;https://www.freenet.de/handys-smartphones/p/P-M-4511851?ds=P-4635154;2026-08-29;mobilcom-debitel--samsung-galaxy-a57-128gb-awesome-gray;samsung-galaxy-a57-128gb-awesome-gray
mobilcom-debitel;handel;Samsung;Galaxy A57;128;Awesome Icyblue;neu;529,00;ohne Vertrag;;lieferbar;https://www.freenet.de/handys-smartphones/p/P-M-4511851?ds=P-4635151;2026-08-29;mobilcom-debitel--samsung-galaxy-a57-128gb-awesome-icyblue;samsung-galaxy-a57-128gb-awesome-icyblue
mobilcom-debitel;handel;Samsung;Galaxy A57;128;Awesome Lilac;neu;529,00;ohne Vertrag;;lieferbar;https://www.freenet.de/handys-smartphones/p/P-M-4511851?ds=P-4635157;2026-08-29;mobilcom-debitel--samsung-galaxy-a57-128gb-awesome-lilac;samsung-galaxy-a57-128gb-awesome-lilac
mobilcom-debitel;handel;Samsung;Galaxy A57;128;Awesome Navy;neu;529,00;ohne Vertrag;;lieferbar;https://www.freenet.de/handys-smartphones/p/P-M-4511851?ds=P-4635148;2026-08-29;mobilcom-debitel--samsung-galaxy-a57-128gb-awesome-navy;samsung-galaxy-a57-128gb-awesome-navy
mobilcom-debitel;handel;Samsung;Galaxy A57;256;Awesome Gray;neu;589,00;ohne Vertrag;;lieferbar;https://www.freenet.de/handys-smartphones/p/P-M-4511851?ds=P-4635169;2026-08-29;mobilcom-debitel--samsung-galaxy-a57-256gb-awesome-gray;samsung-galaxy-a57-256gb-awesome-gray
mobilcom-debitel;handel;Samsung;Galaxy A57;256;Awesome Icyblue;neu;589,00;ohne Vertrag;;lieferbar;https://www.freenet.de/handys-smartphones/p/P-M-4511851?ds=P-4635166;2026-08-29;mobilcom-debitel--samsung-galaxy-a57-256gb-awesome-icyblue;samsung-galaxy-a57-256gb-awesome-icyblue
mobilcom-debitel;handel;Samsung;Galaxy A57;256;Awesome Lilac;neu;589,00;ohne Vertrag;;lieferbar;https://www.freenet.de/handys-smartphones/p/P-M-4511851?ds=P-4635172;2026-08-29;mobilcom-debitel--samsung-galaxy-a57-256gb-awesome-lilac;samsung-galaxy-a57-256gb-awesome-lilac
mobilcom-debitel;handel;Samsung;Galaxy A57;256;Awesome Navy;neu;589,00;ohne Vertrag;;lieferbar;https://www.freenet.de/handys-smartphones/p/P-M-4511851?ds=P-4635163;2026-08-29;mobilcom-debitel--samsung-galaxy-a57-256gb-awesome-navy;samsung-galaxy-a57-256gb-awesome-navy
mobilcom-debitel;handel;Samsung;Galaxy S25;128;blau;neu;899,00;ohne Vertrag;;lieferbar;https://www.freenet.de/handys-smartphones/p/P-M-3880814?ds=P-3974533;2026-08-21;mobilcom-debitel--samsung-galaxy-s25-128gb-blau;samsung-galaxy-s25-128gb-blau
mobilcom-debitel;handel;Samsung;Galaxy S25;128;Blueblack;neu;899,00;ohne Vertrag;;lieferbar;https://www.freenet.de/handys-smartphones/p/P-M-3880814?ds=P-4214157;2026-08-21;mobilcom-debitel--samsung-galaxy-s25-128gb-blueblack;samsung-galaxy-s25-128gb-blueblack
mobilcom-debitel;handel;Samsung;Galaxy S25;128;gruen;neu;899,00;ohne Vertrag;;lieferbar;https://www.freenet.de/handys-smartphones/p/P-M-3880814?ds=P-3974539;2026-08-21;mobilcom-debitel--samsung-galaxy-s25-128gb-gruen;samsung-galaxy-s25-128gb-gruen
mobilcom-debitel;handel;Samsung;Galaxy S25;128;silber;neu;899,00;ohne Vertrag;;lieferbar;https://www.freenet.de/handys-smartphones/p/P-M-3880814?ds=P-3974545;2026-08-21;mobilcom-debitel--samsung-galaxy-s25-128gb-silber;samsung-galaxy-s25-128gb-silber
mobilcom-debitel;handel;Samsung;Galaxy S25;128;Silver Shadow (Enterprise Edition);neu;899,00;ohne Vertrag;;lieferbar;https://www.freenet.de/handys-smartphones/p/P-M-3880814?ds=P-4069641;2026-08-21;mobilcom-debitel--samsung-galaxy-s25-128gb-silver-shadow-enterprise-edition;samsung-galaxy-s25-128gb-silver-shadow-enterprise-edition
mobilcom-debitel;handel;Samsung;Galaxy S25;256;blau;neu;959,00;ohne Vertrag;;lieferbar;https://www.freenet.de/handys-smartphones/p/P-M-3880814?ds=P-3974551;2026-08-21;mobilcom-debitel--samsung-galaxy-s25-256gb-blau;samsung-galaxy-s25-256gb-blau
mobilcom-debitel;handel;Samsung;Galaxy S25;256;Blueblack;neu;959,00;ohne Vertrag;;lieferbar;https://www.freenet.de/handys-smartphones/p/P-M-3880814?ds=P-4214160;2026-08-21;mobilcom-debitel--samsung-galaxy-s25-256gb-blueblack;samsung-galaxy-s25-256gb-blueblack
mobilcom-debitel;handel;Samsung;Galaxy S25;256;gruen;neu;959,00;ohne Vertrag;;lieferbar;https://www.freenet.de/handys-smartphones/p/P-M-3880814?ds=P-3974563;2026-08-21;mobilcom-debitel--samsung-galaxy-s25-256gb-gruen;samsung-galaxy-s25-256gb-gruen
mobilcom-debitel;handel;Samsung;Galaxy S25;256;silber;neu;959,00;ohne Vertrag;;lieferbar;https://www.freenet.de/handys-smartphones/p/P-M-3880814?ds=P-3974569;2026-08-21;mobilcom-debitel--samsung-galaxy-s25-256gb-silber;samsung-galaxy-s25-256gb-silber
mobilcom-debitel;handel;Samsung;Galaxy S26;256;Cobalt Violet;neu;999,00;ohne Vertrag;;lieferbar;https://www.freenet.de/handys-smartphones/p/P-M-4466891?ds=P-4587260;2026-08-29;mobilcom-debitel--samsung-galaxy-s26-256gb-cobalt-violet;samsung-galaxy-s26-256gb-cobalt-violet
mobilcom-debitel;handel;Samsung;Galaxy S26;256;schwarz;neu;999,00;ohne Vertrag;;lieferbar;https://www.freenet.de/handys-smartphones/p/P-M-4466891?ds=P-4587257;2026-08-29;mobilcom-debitel--samsung-galaxy-s26-256gb-schwarz;samsung-galaxy-s26-256gb-schwarz
mobilcom-debitel;handel;Samsung;Galaxy S26;256;Sky Blue;neu;999,00;ohne Vertrag;;lieferbar;https://www.freenet.de/handys-smartphones/p/P-M-4466891?ds=P-4587227;2026-08-29;mobilcom-debitel--samsung-galaxy-s26-256gb-sky-blue;samsung-galaxy-s26-256gb-sky-blue
mobilcom-debitel;handel;Samsung;Galaxy S26;256;weiss;neu;999,00;ohne Vertrag;;lieferbar;https://www.freenet.de/handys-smartphones/p/P-M-4466891?ds=P-4587263;2026-08-29;mobilcom-debitel--samsung-galaxy-s26-256gb-weiss;samsung-galaxy-s26-256gb-weiss
mobilcom-debitel;handel;Samsung;Galaxy S26;512;Cobalt Violet;neu;1199,00;ohne Vertrag;;lieferbar;https://www.freenet.de/handys-smartphones/p/P-M-4466891?ds=P-4587272;2026-08-29;mobilcom-debitel--samsung-galaxy-s26-512gb-cobalt-violet;samsung-galaxy-s26-512gb-cobalt-violet
mobilcom-debitel;handel;Samsung;Galaxy S26;512;schwarz;neu;1199,00;ohne Vertrag;;lieferbar;https://www.freenet.de/handys-smartphones/p/P-M-4466891?ds=P-4587269;2026-08-29;mobilcom-debitel--samsung-galaxy-s26-512gb-schwarz;samsung-galaxy-s26-512gb-schwarz
mobilcom-debitel;handel;Samsung;Galaxy S26;512;Sky Blue;neu;1199,00;ohne Vertrag;;lieferbar;https://www.freenet.de/handys-smartphones/p/P-M-4466891?ds=P-4587266;2026-08-29;mobilcom-debitel--samsung-galaxy-s26-512gb-sky-blue;samsung-galaxy-s26-512gb-sky-blue
mobilcom-debitel;handel;Samsung;Galaxy S26;512;weiss;neu;1199,00;ohne Vertrag;;lieferbar;https://www.freenet.de/handys-smartphones/p/P-M-4466891?ds=P-4587275;2026-08-29;mobilcom-debitel--samsung-galaxy-s26-512gb-weiss;samsung-galaxy-s26-512gb-weiss
mobilcom-debitel;handel;Samsung;Galaxy S26 Ultra;256;Cobalt Violet;neu;1449,00;ohne Vertrag;;lieferbar;https://www.freenet.de/handys-smartphones/p/P-M-4475373?ds=P-4587326;2026-08-29;mobilcom-debitel--samsung-galaxy-s26-ultra-256gb-cobalt-violet;samsung-galaxy-s26-ultra-256gb-cobalt-violet
mobilcom-debitel;handel;Samsung;Galaxy S26 Ultra;256;schwarz;neu;1449,00;ohne Vertrag;;lieferbar;https://www.freenet.de/handys-smartphones/p/P-M-4475373?ds=P-4587323;2026-08-29;mobilcom-debitel--samsung-galaxy-s26-ultra-256gb-schwarz;samsung-galaxy-s26-ultra-256gb-schwarz
mobilcom-debitel;handel;Samsung;Galaxy S26 Ultra;256;Sky Blue;neu;1449,00;ohne Vertrag;;lieferbar;https://www.freenet.de/handys-smartphones/p/P-M-4475373?ds=P-4587320;2026-08-29;mobilcom-debitel--samsung-galaxy-s26-ultra-256gb-sky-blue;samsung-galaxy-s26-ultra-256gb-sky-blue
mobilcom-debitel;handel;Samsung;Galaxy S26 Ultra;256;weiss;neu;1449,00;ohne Vertrag;;lieferbar;https://www.freenet.de/handys-smartphones/p/P-M-4475373?ds=P-4587329;2026-08-29;mobilcom-debitel--samsung-galaxy-s26-ultra-256gb-weiss;samsung-galaxy-s26-ultra-256gb-weiss
mobilcom-debitel;handel;Samsung;Galaxy S26 Ultra;512;Cobalt Violet;neu;1649,00;ohne Vertrag;;lieferbar;https://www.freenet.de/handys-smartphones/p/P-M-4475373?ds=P-4587338;2026-08-29;mobilcom-debitel--samsung-galaxy-s26-ultra-512gb-cobalt-violet;samsung-galaxy-s26-ultra-512gb-cobalt-violet
mobilcom-debitel;handel;Samsung;Galaxy S26 Ultra;512;schwarz;neu;1649,00;ohne Vertrag;;lieferbar;https://www.freenet.de/handys-smartphones/p/P-M-4475373?ds=P-4587335;2026-08-29;mobilcom-debitel--samsung-galaxy-s26-ultra-512gb-schwarz;samsung-galaxy-s26-ultra-512gb-schwarz
mobilcom-debitel;handel;Samsung;Galaxy S26 Ultra;512;Sky Blue;neu;1649,00;ohne Vertrag;;lieferbar;https://www.freenet.de/handys-smartphones/p/P-M-4475373?ds=P-4587332;2026-08-29;mobilcom-debitel--samsung-galaxy-s26-ultra-512gb-sky-blue;samsung-galaxy-s26-ultra-512gb-sky-blue
mobilcom-debitel;handel;Samsung;Galaxy S26 Ultra;512;weiss;neu;1649,00;ohne Vertrag;;lieferbar;https://www.freenet.de/handys-smartphones/p/P-M-4475373?ds=P-4587341;2026-08-29;mobilcom-debitel--samsung-galaxy-s26-ultra-512gb-weiss;samsung-galaxy-s26-ultra-512gb-weiss
o2;netzbetreiber;Apple;iPhone 14;128;mitternacht erneuert;refurbished;445,00;ohne Vertrag;;unbekannt;https://www.o2online.de/e-shop/apple/apple-iphone-14-128gb-mitternacht-erneuert-details?ohne-tarif=ja&zielgruppe=privatkunden&ratenzahlung=24&vertragsart=ratenzahlung;2026-08-29;o2--apple-iphone-14-128gb-mitternacht-erneuert-refurbished;apple-iphone-14-128gb-mitternacht-erneuert-refurbished
o2;netzbetreiber;Apple;iPhone 14;128;schwarz;neu;721,00;ohne Vertrag;;unbekannt;https://www.o2online.de/e-shop/apple/apple-iphone-14-128gb-mitternacht-details?ohne-tarif=ja&zielgruppe=privatkunden&ratenzahlung=24&vertragsart=ratenzahlung;2026-08-29;o2--apple-iphone-14-128gb-schwarz;apple-iphone-14-128gb-schwarz
o2;netzbetreiber;Apple;iPhone 14 Pro;128;dunkellila;neu;1225,00;ohne Vertrag;;unbekannt;https://www.o2online.de/e-shop/apple/apple-iphone-14-pro-128gb-dunkellila-details?ohne-tarif=ja&zielgruppe=privatkunden&ratenzahlung=24&vertragsart=ratenzahlung;2026-08-29;o2--apple-iphone-14-pro-128gb-dunkellila;apple-iphone-14-pro-128gb-dunkellila
o2;netzbetreiber;Apple;iPhone 14 Pro;128;space schwarz erneuert;neu;577,00;ohne Vertrag;;unbekannt;https://www.o2online.de/e-shop/apple/apple-iphone-14-pro-128gb-space-schwarz-erneuert-details?ohne-tarif=ja&zielgruppe=privatkunden&ratenzahlung=24&vertragsart=ratenzahlung;2026-08-29;o2--apple-iphone-14-pro-128gb-space-schwarz-erneuert;apple-iphone-14-pro-128gb-space-schwarz-erneuert
o2;netzbetreiber;Apple;iPhone 14 Pro Max;512;gold;neu;1765,00;ohne Vertrag;;unbekannt;https://www.o2online.de/e-shop/apple/apple-iphone-14-pro-max-512gb-gold-details?ohne-tarif=ja&zielgruppe=privatkunden&ratenzahlung=24&vertragsart=ratenzahlung;2026-08-29;o2--apple-iphone-14-pro-max-512gb-gold;apple-iphone-14-pro-max-512gb-gold
o2;netzbetreiber;Apple;iPhone 15;128;schwarz;neu;721,00;ohne Vertrag;;unbekannt;https://www.o2online.de/e-shop/apple/apple-iphone-15-128gb-schwarz-details?ohne-tarif=ja&zielgruppe=privatkunden&ratenzahlung=24&vertragsart=ratenzahlung;2026-08-29;o2--apple-iphone-15-128gb-schwarz;apple-iphone-15-128gb-schwarz
o2;netzbetreiber;Apple;iPhone 15;128;schwarz erneuert;refurbished;613,00;ohne Vertrag;;unbekannt;https://www.o2online.de/e-shop/apple/apple-iphone-15-128gb-schwarz-erneuert-details?ohne-tarif=ja&zielgruppe=privatkunden&ratenzahlung=24&vertragsart=ratenzahlung;2026-08-29;o2--apple-iphone-15-128gb-schwarz-erneuert-refurbished;apple-iphone-15-128gb-schwarz-erneuert-refurbished
o2;netzbetreiber;Apple;iPhone 15 Plus;128;schwarz;neu;937,00;ohne Vertrag;;unbekannt;https://www.o2online.de/e-shop/apple/apple-iphone-15-plus-128gb-schwarz-details?ohne-tarif=ja&zielgruppe=privatkunden&ratenzahlung=24&vertragsart=ratenzahlung;2026-08-29;o2--apple-iphone-15-plus-128gb-schwarz;apple-iphone-15-plus-128gb-schwarz
o2;netzbetreiber;Apple;iPhone 15 Pro;128;titan blau erneuert;refurbished;685,00;ohne Vertrag;;unbekannt;https://www.o2online.de/e-shop/apple/apple-iphone-15-pro-128gb-titan-blau-erneuert-details?ohne-tarif=ja&zielgruppe=privatkunden&ratenzahlung=24&vertragsart=ratenzahlung;2026-08-29;o2--apple-iphone-15-pro-128gb-titan-blau-erneuert-refurbished;apple-iphone-15-pro-128gb-titan-blau-erneuert-refurbished
o2;netzbetreiber;Apple;iPhone 15 Pro;128;titan-natur;neu;1225,00;ohne Vertrag;;unbekannt;https://www.o2online.de/e-shop/apple/apple-iphone-15-pro-128gb-titan-natur-details?ohne-tarif=ja&zielgruppe=privatkunden&ratenzahlung=24&vertragsart=ratenzahlung;2026-08-29;o2--apple-iphone-15-pro-128gb-titan-natur;apple-iphone-15-pro-128gb-titan-natur
o2;netzbetreiber;Apple;iPhone 15 Pro Max;256;titan-schwarz;neu;1477,00;ohne Vertrag;;unbekannt;https://www.o2online.de/e-shop/apple/apple-iphone-15-pro-max-256gb-titan-schwarz-details?ohne-tarif=ja&zielgruppe=privatkunden&ratenzahlung=36&vertragsart=ratenzahlung;2026-08-29;o2--apple-iphone-15-pro-max-256gb-titan-schwarz;apple-iphone-15-pro-max-256gb-titan-schwarz
o2;netzbetreiber;Apple;iPhone 16;128;blau erneuert;refurbished;697,00;ohne Vertrag;;unbekannt;https://www.o2online.de/e-shop/apple/apple-iphone-16-128gb-blau-erneuert-details?ohne-tarif=ja&zielgruppe=privatkunden&ratenzahlung=24&vertragsart=ratenzahlung;2026-08-29;o2--apple-iphone-16-128gb-blau-erneuert-refurbished;apple-iphone-16-128gb-blau-erneuert-refurbished
o2;netzbetreiber;Apple;iPhone 16;128;schwarz;neu;901,00;ohne Vertrag;;unbekannt;https://www.o2online.de/e-shop/apple/apple-iphone-16-128gb-schwarz-details?ohne-tarif=ja&zielgruppe=privatkunden&ratenzahlung=24&vertragsart=ratenzahlung;2026-08-29;o2--apple-iphone-16-128gb-schwarz;apple-iphone-16-128gb-schwarz
o2;netzbetreiber;Apple;iPhone 16 Plus;128;schwarz;neu;991,00;ohne Vertrag;;unbekannt;https://www.o2online.de/e-shop/apple/apple-iphone-16-plus-128gb-schwarz-details?ohne-tarif=ja&zielgruppe=privatkunden&ratenzahlung=24&vertragsart=ratenzahlung;2026-08-29;o2--apple-iphone-16-plus-128gb-schwarz;apple-iphone-16-plus-128gb-schwarz
o2;netzbetreiber;Apple;iPhone 16 Pro;128;titan-schwarz;neu;1261,00;ohne Vertrag;;unbekannt;https://www.o2online.de/e-shop/apple/apple-iphone-16-pro-128gb-titan-schwarz-details?ohne-tarif=ja&zielgruppe=privatkunden&ratenzahlung=24&vertragsart=ratenzahlung;2026-08-29;o2--apple-iphone-16-pro-128gb-titan-schwarz;apple-iphone-16-pro-128gb-titan-schwarz
o2;netzbetreiber;Apple;iPhone 16e;128;weiss;neu;613,00;ohne Vertrag;;unbekannt;https://www.o2online.de/e-shop/apple/apple-iphone-16e-128gb-weiss-details?ohne-tarif=ja&zielgruppe=privatkunden&ratenzahlung=24&vertragsart=ratenzahlung;2026-08-29;o2--apple-iphone-16e-128gb-weiss;apple-iphone-16e-128gb-weiss
o2;netzbetreiber;Apple;iPhone 17;256;schwarz;neu;1027,00;ohne Vertrag;;unbekannt;https://www.o2online.de/e-shop/apple/apple-iphone-17-256gb-schwarz-details?ohne-tarif=ja&zielgruppe=privatkunden&ratenzahlung=24&vertragsart=ratenzahlung;2026-08-29;o2--apple-iphone-17-256gb-schwarz;apple-iphone-17-256gb-schwarz
o2;netzbetreiber;Apple;iPhone 17;256;schwarz erneuert;refurbished;973,00;ohne Vertrag;;unbekannt;https://www.o2online.de/e-shop/apple/apple-iphone-17-256gb-schwarz-erneuert-details?ohne-tarif=ja&zielgruppe=privatkunden&ratenzahlung=24&vertragsart=ratenzahlung;2026-08-29;o2--apple-iphone-17-256gb-schwarz-erneuert-refurbished;apple-iphone-17-256gb-schwarz-erneuert-refurbished
o2;netzbetreiber;Apple;iPhone 17 Pro;256;silber;neu;1315,00;ohne Vertrag;;unbekannt;https://www.o2online.de/e-shop/apple/apple-iphone-17-pro-256gb-silber-details?ohne-tarif=ja&zielgruppe=privatkunden&ratenzahlung=24&vertragsart=ratenzahlung;2026-08-29;o2--apple-iphone-17-pro-256gb-silber;apple-iphone-17-pro-256gb-silber
o2;netzbetreiber;Apple;iPhone 17 Pro Max;256;tiefblau;neu;1459,00;ohne Vertrag;;unbekannt;https://www.o2online.de/e-shop/apple/apple-iphone-17-pro-max-256gb-tiefblau-details?ohne-tarif=ja&zielgruppe=privatkunden&ratenzahlung=24&vertragsart=ratenzahlung;2026-08-29;o2--apple-iphone-17-pro-max-256gb-tiefblau;apple-iphone-17-pro-max-256gb-tiefblau
o2;netzbetreiber;Apple;iPhone 17e;256;schwarz;neu;703,00;ohne Vertrag;;unbekannt;https://www.o2online.de/e-shop/apple/apple-iphone-17e-256gb-schwarz-details?ohne-tarif=ja&zielgruppe=privatkunden&ratenzahlung=24&vertragsart=ratenzahlung;2026-08-29;o2--apple-iphone-17e-256gb-schwarz;apple-iphone-17e-256gb-schwarz
o2;netzbetreiber;Apple;iPhone Air;256;himmelblau;neu;991,00;ohne Vertrag;;unbekannt;https://www.o2online.de/e-shop/apple/apple-iphone-air-256gb-himmelblau-details?ohne-tarif=ja&zielgruppe=privatkunden&ratenzahlung=24&vertragsart=ratenzahlung;2026-08-29;o2--apple-iphone-air-256gb-himmelblau;apple-iphone-air-256gb-himmelblau
o2;netzbetreiber;Fairphone;Fairphone 6;256;schwarz;neu;559,00;ohne Vertrag;;unbekannt;https://www.o2online.de/e-shop/fairphone/fairphone-6-256gb-schwarz-details?ohne-tarif=ja&zielgruppe=privatkunden&ratenzahlung=24&vertragsart=ratenzahlung;2026-08-29;o2--fairphone-6-256gb-schwarz;fairphone-6-256gb-schwarz
o2;netzbetreiber;Google;Pixel 10;128;schwarz;neu;703,00;ohne Vertrag;;unbekannt;https://www.o2online.de/e-shop/google/google-pixel-10-128gb-obsidian-details?ohne-tarif=ja&zielgruppe=privatkunden&ratenzahlung=24&vertragsart=ratenzahlung;2026-08-29;o2--google-pixel-10-128gb-schwarz;google-pixel-10-128gb-schwarz
o2;netzbetreiber;Google;Pixel 10 Pro;128;schwarz;neu;793,00;ohne Vertrag;;unbekannt;https://www.o2online.de/e-shop/google/google-pixel-10-pro-128gb-obsidian-details?ohne-tarif=ja&zielgruppe=privatkunden&ratenzahlung=24&vertragsart=ratenzahlung;2026-08-29;o2--google-pixel-10-pro-128gb-schwarz;google-pixel-10-pro-128gb-schwarz
o2;netzbetreiber;Google;Pixel 10 Pro Fold;256;moonstone;neu;1603,00;ohne Vertrag;;unbekannt;https://www.o2online.de/e-shop/google/google-pixel-10-pro-fold-256gb-moonstone-details?ohne-tarif=ja&zielgruppe=privatkunden&ratenzahlung=24&vertragsart=ratenzahlung;2026-08-29;o2--google-pixel-10-pro-fold-256gb-moonstone;google-pixel-10-pro-fold-256gb-moonstone
o2;netzbetreiber;Google;Pixel 10 Pro XL;256;schwarz;neu;1117,00;ohne Vertrag;;unbekannt;https://www.o2online.de/e-shop/google/google-pixel-10-pro-xl-256gb-obsidian-details?ohne-tarif=ja&zielgruppe=privatkunden&ratenzahlung=24&vertragsart=ratenzahlung;2026-08-29;o2--google-pixel-10-pro-xl-256gb-schwarz;google-pixel-10-pro-xl-256gb-schwarz
o2;netzbetreiber;Google;Pixel 10a;128;violett;neu;541,00;ohne Vertrag;;unbekannt;https://www.o2online.de/e-shop/google/google-pixel-10a-128gb-lavender-details?ohne-tarif=ja&zielgruppe=privatkunden&ratenzahlung=24&vertragsart=ratenzahlung;2026-08-29;o2--google-pixel-10a-128gb-violett;google-pixel-10a-128gb-violett
o2;netzbetreiber;Google;Pixel 11;256;frost;neu;991,00;ohne Vertrag;;unbekannt;https://www.o2online.de/e-shop/google/google-pixel-11-256gb-frost-details?ohne-tarif=ja&zielgruppe=privatkunden&ratenzahlung=24&vertragsart=ratenzahlung;2026-08-29;o2--google-pixel-11-256gb-frost;google-pixel-11-256gb-frost
o2;netzbetreiber;Google;Pixel 11 Pro;256;canyon;neu;1189,00;ohne Vertrag;;unbekannt;https://www.o2online.de/e-shop/google/google-pixel-11-pro-256gb-canyon-details?ohne-tarif=ja&zielgruppe=privatkunden&ratenzahlung=24&vertragsart=ratenzahlung;2026-08-29;o2--google-pixel-11-pro-256gb-canyon;google-pixel-11-pro-256gb-canyon
o2;netzbetreiber;Google;Pixel 11 Pro Fold;256;olive;neu;1981,00;ohne Vertrag;;unbekannt;https://www.o2online.de/e-shop/google/google-pixel-11-pro-fold-256gb-olive-details?ohne-tarif=ja&zielgruppe=privatkunden&ratenzahlung=24&vertragsart=ratenzahlung;2026-08-29;o2--google-pixel-11-pro-fold-256gb-olive;google-pixel-11-pro-fold-256gb-olive
o2;netzbetreiber;Google;Pixel 11 Pro XL;256;canyon;neu;1405,00;ohne Vertrag;;unbekannt;https://www.o2online.de/e-shop/google/google-pixel-11-pro-xl-256gb-canyon-details?ohne-tarif=ja&zielgruppe=privatkunden&ratenzahlung=24&vertragsart=ratenzahlung;2026-08-29;o2--google-pixel-11-pro-xl-256gb-canyon;google-pixel-11-pro-xl-256gb-canyon
o2;netzbetreiber;Nothing;Nothing Phone (3);256;weiss;neu;595,00;ohne Vertrag;;unbekannt;https://www.o2online.de/e-shop/nothing/nothing-phone-3-256gb-weiss-details?ohne-tarif=ja&zielgruppe=privatkunden&ratenzahlung=24&vertragsart=ratenzahlung;2026-08-29;o2--nothing-phone-3-256gb-weiss;nothing-phone-3-256gb-weiss
o2;netzbetreiber;Nothing;Nothing Phone (4a);128;schwarz;neu;343,00;ohne Vertrag;;unbekannt;https://www.o2online.de/e-shop/nothing/nothing-phone-4a-128gb-schwarz-details?ohne-tarif=ja&zielgruppe=privatkunden&ratenzahlung=24&vertragsart=ratenzahlung;2026-08-29;o2--nothing-phone-4a-128gb-schwarz;nothing-phone-4a-128gb-schwarz
o2;netzbetreiber;Nothing;Nothing Phone (4a) Pro;256;schwarz;neu;595,00;ohne Vertrag;;unbekannt;https://www.o2online.de/e-shop/nothing/nothing-phone-4a-pro-256gb-schwarz-details?ohne-tarif=ja&zielgruppe=privatkunden&ratenzahlung=24&vertragsart=ratenzahlung;2026-08-29;o2--nothing-phone-4a-pro-256gb-schwarz;nothing-phone-4a-pro-256gb-schwarz
o2;netzbetreiber;Samsung;Galaxy A17;128;5g schwarz;neu;223,00;ohne Vertrag;;unbekannt;https://www.o2online.de/e-shop/samsung/samsung-galaxy-a17-128gb-5g-schwarz-details?ohne-tarif=ja&zielgruppe=privatkunden&ratenzahlung=24&vertragsart=ratenzahlung;2026-08-29;o2--samsung-galaxy-a17-128gb-5g-schwarz;samsung-galaxy-a17-128gb-5g-schwarz
o2;netzbetreiber;Samsung;Galaxy A27;128;schwarz;neu;343,00;ohne Vertrag;;unbekannt;https://www.o2online.de/e-shop/samsung/samsung-galaxy-a27-5g-128gb-schwarz-details?ohne-tarif=ja&zielgruppe=privatkunden&ratenzahlung=24&vertragsart=ratenzahlung;2026-08-29;o2--samsung-galaxy-a27-128gb-schwarz;samsung-galaxy-a27-128gb-schwarz
o2;netzbetreiber;Samsung;Galaxy A37;128;awesome charcoal;neu;397,00;ohne Vertrag;;unbekannt;https://www.o2online.de/e-shop/samsung/samsung-galaxy-a37-128gb-awesome-charcoal-details?ohne-tarif=ja&zielgruppe=privatkunden&ratenzahlung=24&vertragsart=ratenzahlung;2026-08-29;o2--samsung-galaxy-a37-128gb-awesome-charcoal;samsung-galaxy-a37-128gb-awesome-charcoal
o2;netzbetreiber;Samsung;Galaxy A56;128;awesome graphite 5g;neu;397,00;ohne Vertrag;;unbekannt;https://www.o2online.de/e-shop/samsung/samsung-galaxy-a56-128gb-awesome-graphite-5g-details?ohne-tarif=ja&zielgruppe=privatkunden&ratenzahlung=24&vertragsart=ratenzahlung;2026-08-29;o2--samsung-galaxy-a56-128gb-awesome-graphite-5g;samsung-galaxy-a56-128gb-awesome-graphite-5g
o2;netzbetreiber;Samsung;Galaxy A57;128;awesome navy;neu;541,00;ohne Vertrag;;unbekannt;https://www.o2online.de/e-shop/samsung/samsung-galaxy-a57-128gb-awesome-navy-details?ohne-tarif=ja&zielgruppe=privatkunden&ratenzahlung=24&vertragsart=ratenzahlung;2026-08-29;o2--samsung-galaxy-a57-128gb-awesome-navy;samsung-galaxy-a57-128gb-awesome-navy
o2;netzbetreiber;Samsung;Galaxy S23;128;rosa;neu;721,00;ohne Vertrag;;unbekannt;https://www.o2online.de/e-shop/samsung/samsung-galaxy-s23-128gb-pink-details?ohne-tarif=ja&zielgruppe=privatkunden&ratenzahlung=24&vertragsart=ratenzahlung;2026-08-29;o2--samsung-galaxy-s23-128gb-rosa;samsung-galaxy-s23-128gb-rosa
o2;netzbetreiber;Samsung;Galaxy S24;128;marble gray erneuert;refurbished;529,00;ohne Vertrag;;unbekannt;https://www.o2online.de/e-shop/samsung/samsung-galaxy-s24-128gb-marble-gray-erneuert-details?ohne-tarif=ja&zielgruppe=privatkunden&ratenzahlung=24&vertragsart=ratenzahlung;2026-08-29;o2--samsung-galaxy-s24-128gb-marble-gray-erneuert-refurbished;samsung-galaxy-s24-128gb-marble-gray-erneuert-refurbished
o2;netzbetreiber;Samsung;Galaxy S24;128;onyx black;neu;793,00;ohne Vertrag;;unbekannt;https://www.o2online.de/e-shop/samsung/samsung-galaxy-s24-128gb-onyx-black-details?ohne-tarif=ja&zielgruppe=privatkunden&ratenzahlung=24&vertragsart=ratenzahlung;2026-08-29;o2--samsung-galaxy-s24-128gb-onyx-black;samsung-galaxy-s24-128gb-onyx-black
o2;netzbetreiber;Samsung;Galaxy S24 Ultra;256;titan-schwarz;neu;1081,00;ohne Vertrag;;unbekannt;https://www.o2online.de/e-shop/samsung/samsung-galaxy-s24-ultra-256gb-titanium-black-details?ohne-tarif=ja&zielgruppe=privatkunden&ratenzahlung=24&vertragsart=ratenzahlung;2026-08-29;o2--samsung-galaxy-s24-ultra-256gb-titan-schwarz;samsung-galaxy-s24-ultra-256gb-titan-schwarz
o2;netzbetreiber;Samsung;Galaxy S24 Ultra;512;titanium black gebraucht;refurbished;745,00;ohne Vertrag;;unbekannt;https://www.o2online.de/e-shop/samsung/samsung-galaxy-s24-ultra-512gb-titanium-black-gebraucht-details?ohne-tarif=ja&zielgruppe=privatkunden&ratenzahlung=24&vertragsart=ratenzahlung;2026-08-29;o2--samsung-galaxy-s24-ultra-512gb-titanium-black-gebraucht-refurbished;samsung-galaxy-s24-ultra-512gb-titanium-black-gebraucht-refurbished
o2;netzbetreiber;Samsung;Galaxy S25;128;blau;neu;883,00;ohne Vertrag;;unbekannt;https://www.o2online.de/e-shop/samsung/samsung-galaxy-s25-128gb-navy-details?ohne-tarif=ja&zielgruppe=privatkunden&ratenzahlung=24&vertragsart=ratenzahlung;2026-08-29;o2--samsung-galaxy-s25-128gb-blau;samsung-galaxy-s25-128gb-blau
o2;netzbetreiber;Samsung;Galaxy S25;128;grau erneuert;neu;577,00;ohne Vertrag;;unbekannt;https://www.o2online.de/e-shop/samsung/samsung-galaxy-s25-128gb-grau-erneuert-details?ohne-tarif=ja&zielgruppe=privatkunden&ratenzahlung=24&vertragsart=ratenzahlung;2026-08-29;o2--samsung-galaxy-s25-128gb-grau-erneuert;samsung-galaxy-s25-128gb-grau-erneuert
o2;netzbetreiber;Samsung;Galaxy S25;256;blueblack;neu;955,00;ohne Vertrag;;unbekannt;https://www.o2online.de/e-shop/samsung/samsung-galaxy-s25-256gb-blueblack-details?ohne-tarif=ja&zielgruppe=privatkunden&ratenzahlung=24&vertragsart=ratenzahlung;2026-08-29;o2--samsung-galaxy-s25-256gb-blueblack;samsung-galaxy-s25-256gb-blueblack
o2;netzbetreiber;Samsung;Galaxy S25 Ultra;256;titan-schwarz;neu;1081,00;ohne Vertrag;;unbekannt;https://www.o2online.de/e-shop/samsung/samsung-galaxy-s25-ultra-256gb-titanium-black-details?ohne-tarif=ja&zielgruppe=privatkunden&ratenzahlung=24&vertragsart=ratenzahlung;2026-08-29;o2--samsung-galaxy-s25-ultra-256gb-titan-schwarz;samsung-galaxy-s25-ultra-256gb-titan-schwarz
o2;netzbetreiber;Samsung;Galaxy S25 Ultra;256;titanium gray erneuert;refurbished;889,00;ohne Vertrag;;unbekannt;https://www.o2online.de/e-shop/samsung/samsung-galaxy-s25-ultra-256gb-titanium-gray-erneuert-details?ohne-tarif=ja&zielgruppe=privatkunden&ratenzahlung=24&vertragsart=ratenzahlung;2026-08-29;o2--samsung-galaxy-s25-ultra-256gb-titanium-gray-erneuert-refurbished;samsung-galaxy-s25-ultra-256gb-titanium-gray-erneuert-refurbished
o2;netzbetreiber;Samsung;Galaxy S26;256;cobalt violet;neu;955,00;ohne Vertrag;;unbekannt;https://www.o2online.de/e-shop/samsung/samsung-galaxy-s26-256gb-cobalt-violet-details?ohne-tarif=ja&zielgruppe=privatkunden&ratenzahlung=24&vertragsart=ratenzahlung;2026-08-29;o2--samsung-galaxy-s26-256gb-cobalt-violet;samsung-galaxy-s26-256gb-cobalt-violet
o2;netzbetreiber;Samsung;Galaxy S26;256;schwarz;neu;1009,00;ohne Vertrag;;unbekannt;https://www.o2online.de/e-shop/samsung/samsung-galaxy-s26-ee-256gb-black-details?ohne-tarif=ja&zielgruppe=privatkunden&ratenzahlung=24&vertragsart=ratenzahlung;2026-08-29;o2--samsung-galaxy-s26-256gb-schwarz;samsung-galaxy-s26-256gb-schwarz
o2;netzbetreiber;Samsung;Galaxy S26 FE;128;pistachio;neu;811,00;ohne Vertrag;;unbekannt;https://www.o2online.de/e-shop/samsung/samsung-galaxy-s26-fe-128gb-pistachio-details?ohne-tarif=ja&zielgruppe=privatkunden&ratenzahlung=24&vertragsart=ratenzahlung;2026-08-29;o2--samsung-galaxy-s26-fe-128gb-pistachio;samsung-galaxy-s26-fe-128gb-pistachio
o2;netzbetreiber;Samsung;Galaxy S26 FE;128;pistachio bk;neu;667,00;ohne Vertrag;;unbekannt;https://www.o2online.de/e-shop/samsung/samsung-galaxy-s26-fe-128gb-pistachio-bk-details?ohne-tarif=ja&zielgruppe=privatkunden&ratenzahlung=24&vertragsart=ratenzahlung;2026-08-29;o2--samsung-galaxy-s26-fe-128gb-pistachio-bk;samsung-galaxy-s26-fe-128gb-pistachio-bk
o2;netzbetreiber;Samsung;Galaxy S26 Plus;256;cobalt violet;neu;1243,00;ohne Vertrag;;unbekannt;https://www.o2online.de/e-shop/samsung/samsung-galaxy-s26-plus-256gb-cobalt-violet-details?ohne-tarif=ja&zielgruppe=privatkunden&ratenzahlung=24&vertragsart=ratenzahlung;2026-08-29;o2--samsung-galaxy-s26-plus-256gb-cobalt-violet;samsung-galaxy-s26-plus-256gb-cobalt-violet
o2;netzbetreiber;Samsung;Galaxy S26 Ultra;256;cobalt violet;neu;1315,00;ohne Vertrag;;unbekannt;https://www.o2online.de/e-shop/samsung/samsung-galaxy-s26-ultra-256gb-cobalt-violet-details?ohne-tarif=ja&zielgruppe=privatkunden&ratenzahlung=24&vertragsart=ratenzahlung;2026-08-29;o2--samsung-galaxy-s26-ultra-256gb-cobalt-violet;samsung-galaxy-s26-ultra-256gb-cobalt-violet
o2;netzbetreiber;Samsung;Galaxy S26 Ultra;256;schwarz;neu;1441,00;ohne Vertrag;;unbekannt;https://www.o2online.de/e-shop/samsung/samsung-galaxy-s26-ultra-ee-256gb-black-details?ohne-tarif=ja&zielgruppe=privatkunden&ratenzahlung=24&vertragsart=ratenzahlung;2026-08-29;o2--samsung-galaxy-s26-ultra-256gb-schwarz;samsung-galaxy-s26-ultra-256gb-schwarz
o2;netzbetreiber;Samsung;Galaxy Z Flip8;256;rosa;neu;1297,00;ohne Vertrag;;unbekannt;https://www.o2online.de/e-shop/samsung/samsung-galaxy-z-flip8-256gb-pink-details?ohne-tarif=ja&zielgruppe=privatkunden&ratenzahlung=24&vertragsart=ratenzahlung;2026-08-29;o2--samsung-galaxy-z-flip8-256gb-rosa;samsung-galaxy-z-flip8-256gb-rosa
o2;netzbetreiber;Samsung;Galaxy Z Fold8;256;violett;neu;2017,00;ohne Vertrag;;unbekannt;https://www.o2online.de/e-shop/samsung/samsung-galaxy-z-fold8-256gb-lavender-details?ohne-tarif=ja&zielgruppe=privatkunden&ratenzahlung=24&vertragsart=ratenzahlung;2026-08-29;o2--samsung-galaxy-z-fold8-256gb-violett;samsung-galaxy-z-fold8-256gb-violett
o2;netzbetreiber;Samsung;Galaxy Z Fold8 Ultra;256;violet shadow;neu;2197,00;ohne Vertrag;;unbekannt;https://www.o2online.de/e-shop/samsung/samsung-galaxy-z-fold8-ultra-256gb-violet-shadow-details?ohne-tarif=ja&zielgruppe=privatkunden&ratenzahlung=24&vertragsart=ratenzahlung;2026-08-29;o2--samsung-galaxy-z-fold8-ultra-256gb-violet-shadow;samsung-galaxy-z-fold8-ultra-256gb-violet-shadow
o2;netzbetreiber;Xiaomi;Xiaomi 17;512;schwarz;neu;955,00;ohne Vertrag;;unbekannt;https://www.o2online.de/e-shop/xiaomi/xiaomi-17-512gb-schwarz-details?ohne-tarif=ja&zielgruppe=privatkunden&ratenzahlung=24&vertragsart=ratenzahlung;2026-08-29;o2--xiaomi-17-512gb-schwarz;xiaomi-17-512gb-schwarz
o2;netzbetreiber;Xiaomi;Xiaomi 17T;256;schwarz;neu;721,00;ohne Vertrag;;unbekannt;https://www.o2online.de/e-shop/xiaomi/xiaomi-17t-256gb-schwarz-details?ohne-tarif=ja&zielgruppe=privatkunden&ratenzahlung=24&vertragsart=ratenzahlung;2026-08-29;o2--xiaomi-17t-256gb-schwarz;xiaomi-17t-256gb-schwarz
o2;netzbetreiber;Xiaomi;Xiaomi 17T Pro;512;violett;neu;937,00;ohne Vertrag;;unbekannt;https://www.o2online.de/e-shop/xiaomi/xiaomi-17t-pro-512gb-violett-details?ohne-tarif=ja&zielgruppe=privatkunden&ratenzahlung=24&vertragsart=ratenzahlung;2026-08-29;o2--xiaomi-17t-pro-512gb-violett;xiaomi-17t-pro-512gb-violett
o2;netzbetreiber;Xiaomi;Redmi Note 15;256;schwarz 5g;neu;289,00;ohne Vertrag;;unbekannt;https://www.o2online.de/e-shop/xiaomi/xiaomi-redmi-note-15-256gb-schwarz-5g-details?ohne-tarif=ja&zielgruppe=privatkunden&ratenzahlung=24&vertragsart=ratenzahlung;2026-08-29;o2--xiaomi-redmi-note-15-256gb-schwarz-5g;xiaomi-redmi-note-15-256gb-schwarz-5g
o2;netzbetreiber;Xiaomi;Redmi Note 15 Pro;256;schwarz 5g;neu;361,00;ohne Vertrag;;unbekannt;https://www.o2online.de/e-shop/xiaomi/xiaomi-redmi-note-15-pro-256gb-schwarz-5g-details?ohne-tarif=ja&zielgruppe=privatkunden&ratenzahlung=24&vertragsart=ratenzahlung;2026-08-29;o2--xiaomi-redmi-note-15-pro-256gb-schwarz-5g;xiaomi-redmi-note-15-pro-256gb-schwarz-5g
o2;netzbetreiber;Xiaomi;Redmi Note 17;128;black 5g;neu;349,00;ohne Vertrag;;unbekannt;https://www.o2online.de/e-shop/xiaomi/xiaomi-redmi-note-17-128gb-black-5g-details?ohne-tarif=ja&zielgruppe=privatkunden&ratenzahlung=24&vertragsart=ratenzahlung;2026-08-29;o2--xiaomi-redmi-note-17-128gb-black-5g;xiaomi-redmi-note-17-128gb-black-5g
o2;netzbetreiber;Xiaomi;Redmi Note 17 Pro;256;black 5g;neu;469,00;ohne Vertrag;;unbekannt;https://www.o2online.de/e-shop/xiaomi/xiaomi-redmi-note-17-pro-256gb-black-5g-details?ohne-tarif=ja&zielgruppe=privatkunden&ratenzahlung=24&vertragsart=ratenzahlung;2026-08-29;o2--xiaomi-redmi-note-17-pro-256gb-black-5g;xiaomi-redmi-note-17-pro-256gb-black-5g
o2;netzbetreiber;Xiaomi;Redmi Note 17 Pro Max;256;black 5g;neu;595,00;ohne Vertrag;;unbekannt;https://www.o2online.de/e-shop/xiaomi/xiaomi-redmi-note-17-pro-max-256gb-black-5g-details?ohne-tarif=ja&zielgruppe=privatkunden&ratenzahlung=24&vertragsart=ratenzahlung;2026-08-29;o2--xiaomi-redmi-note-17-pro-max-256gb-black-5g;xiaomi-redmi-note-17-pro-max-256gb-black-5g
